id,smiles,iupac name,scaffold,expt,uncertainty,tip3p,cha,zap9,mbondi,asc,igb5,null,train,paper_split,hilo_split,scaffold_split,uncertain_expt_value,rigid,only_HCNO
mobley_1017962,CCCCCC(=O)OC,methyl hexanoate,,-2.49,0.6,-3.299,-3.72622,-3.00434,-4.00628,-3.886,-5.059,0,False,2,1,0,0,0.0,True
mobley_1019269,CCCCO,butan-1-ol,,-4.72,0.6,-3.232,-3.13599,-3.22227,-5.18839,-3.08,-4.198,0,False,2,0,1,0,0.0,True
mobley_1034539,c1cc(c(cc1c2cc(c(c(c2Cl)Cl)Cl)Cl)Cl)Cl,"1,2,3,4-tetrachloro-5-(3,4-dichlorophenyl)benzene",c1ccc(-c2ccccc2)cc1,-3.04,0.1,-1.083,-2.34475,-2.11372,-0.459959,0.8990000000000005,-1.348,0,False,2,0,1,0,0.5,False
mobley_1036761,C1CCC(CC1)N,cyclohexanamine,C1CCCCC1,-4.59,0.6,-3.953,-1.75525,-0.447715,-0.0271034,0.2400000000000002,-2.215,0,True,1,0,2,0,1.0,True
mobley_1046331,c1ccc(cc1)OC=O,phenyl formate,c1ccccc1,-3.82,0.6,-5.442,-5.70653,-6.57758,-7.40799,-8.342,-10.084,0,True,0,0,0,0,0.0,True
mobley_1075836,CCC(=O)OC,methyl propanoate,,-2.93,0.6,-3.652,-4.29168,-3.66474,-4.61494,-4.915,-5.664000000000001,0,True,0,0,1,0,1.0,True
mobley_1079207,c1cc(cc(c1)Cl)Cl,"1,3-dichlorobenzene",c1ccccc1,-0.98,0.6,-0.11,-0.999704,-1.45543,-1.03292,-0.5100000000000002,-1.884,0,True,0,0,0,0,1.0,False
mobley_1107178,CCI,iodoethane,,-0.74,0.6,-0.609,-1.27761,0.116715,-3.15843,-1.7760000000000002,-2.347,0,True,0,0,2,0,1.0,False
mobley_1139153,CC(C)CC(C)(C)C,"2,2,4-trimethylpentane",,2.89,0.6,2.542,2.21496,2.25602,1.81014,3.059,1.531,0,False,2,0,2,0,0.0,True
mobley_1144156,CCOCC,ethoxyethane,,-1.59,0.6,-0.617,-0.719727,-0.907798,-1.07732,-0.3540000000000001,-1.157,0,True,0,0,0,0,0.0,True
mobley_1160109,C[C@@H]1CC[C@H](CC1=O)C(=C)C,"(2R,5R)-2-methyl-5-(1-methylethenyl)-cyclohexanone",O=C1CCCCC1,-3.75,0.21,-3.344,-4.06934,-2.45829,-3.77505,-3.437,-4.779,0,True,0,0,1,0,0.5,True
mobley_1178614,c1ccc(c(c1)O)Cl,2-chlorophenol,c1ccccc1,-4.55,0.6,-3.317,-3.02802,-4.56098,-5.87065,-3.886,-5.567,0,True,0,1,0,0,1.0,False
mobley_1189457,CSc1ccccc1,methylsulfanylbenzene,c1ccccc1,-2.73,0.6,-1.325,-2.63325,-1.61028,-2.41788,-2.164,-3.516,0,True,0,1,0,0,0.0,False
mobley_1199854,CCCI,1-iodopropane,,-0.53,0.6,-0.443,-0.940476,0.516745,-2.7346,-1.1310000000000002,-1.92,0,True,0,1,0,0,1.0,False
mobley_1231151,CC(C)Cl,2-chloropropane,,-0.25,0.6,0.833,-0.471056,-0.333791,-0.71708,-0.1470000000000002,-0.941,0,True,0,0,0,0,1.0,False
mobley_1235151,CCCCC[N+](=O)[O-],1-nitropentane,,-2.82,0.6,-1.325,-1.84855,-2.20814,-1.56176,-1.0439999999999996,-1.839,0,True,1,0,0,0,0.0,True
mobley_1244778,C1CCCC(CC1)O,cycloheptanol,C1CCCCCC1,-5.48,0.6,-4.345,-3.16298,-2.99454,-4.36136,-2.5780000000000003,-3.6,0,True,0,0,1,0,0.0,True
mobley_1261349,CC(C)(C)C,neopentane,,2.51,0.6,2.506,1.94086,1.90732,1.40514,2.514,1.177,0,True,0,0,0,0,1.0,True
mobley_1278715,C(C(Cl)(Cl)Cl)(Cl)(Cl)Cl,hexachloroethane,,-0.64,0.1,0.885,-0.443376,1.07819,1.28346,2.819,0.054,0,True,0,0,1,0,0.5,False
mobley_129464,CCCCOCCCC,1-butoxybutane,,-0.83,0.6,0.139,0.0773561,0.0647066,-0.126202,1.117,-0.1260000000000001,0,True,0,1,0,0,1.0,True
mobley_1323538,CCOP(=O)(OCC)OCC,triethylphosphate,,-7.5,0.2,-10.251,-8.80233,-11.5907,-10.8339,-12.912,-13.788,0,True,1,0,0,0,0.0,False
mobley_1328465,C(C(Cl)Cl)Cl,"1,1,2-trichloroethane",,-1.99,0.6,-0.384,-2.3491,-2.59119,-2.4254,-2.022,-3.258,0,True,1,0,0,0,0.0,False
mobley_1328936,COC(=O)c1ccc(cc1)[N+](=O)[O-],methyl 4-nitrobenzoate,c1ccccc1,-6.88,0.6,-6.588,-6.14795,-7.73074,-6.78707,-7.502000000000001,-8.578999999999999,0,True,0,1,0,0,0.0,True
mobley_1352110,CCCCN(CC)C(=O)SCCC,pebulate,,-3.64,1.93,-4.573,-5.01902,-1.97427,-3.56014,-3.096,-4.154999999999999,0,True,0,0,0,1,0.5,False
mobley_1363784,Cc1cc(cnc1)C,"3,5-dimethylpyridine",c1ccncc1,-4.84,0.6,-2.869,-4.40906,-4.24443,-4.16219,-3.836,-4.9510000000000005,0,True,0,0,2,0,1.0,True
mobley_1396156,c1(c(c(c(c(c1Cl)Cl)Cl)Cl)Cl)N(=O)=O,pentachloronitrobenzene,c1ccccc1,-5.22,0.25,-1.284,-2.18137,-0.845567,0.758061,2.454,0.565,0,True,0,0,0,0,0.5,False
mobley_1417007,C1C=CC[C@@H]2[C@@H]1C(=O)N(C2=O)SC(Cl)(Cl)Cl,captan,O=C1NC(=O)[C@@H]2CC=CC[C@@H]12,-9.01,1.93,-8.718,-9.73036,-6.82641,-7.90712,-8.097000000000001,-10.528,0,True,0,2,2,1,0.5,False
mobley_1424265,Cc1cccc(c1)C,m-xylene,c1ccccc1,-0.83,0.6,-0.697,-1.44315,-0.78156,-1.12182,-0.395,-1.9830000000000003,0,True,0,0,0,0,1.0,True
mobley_1449384,Cc1ccc(cc1)C(C)C,1-isopropyl-4-methyl-benzene,c1ccccc1,-0.68,0.6,-0.456,-0.835526,-0.174978,-0.52897,0.3349999999999999,-1.373,0,True,0,0,0,0,0.0,True
mobley_1469079,c1ccc2c(c1)Oc3cc(c(cc3O2)Cl)Cl,"2,3-dichlorodibenzo-p-dioxin",c1ccc2c(c1)Oc1ccccc1O2,-3.56,1.0,-3.59,-2.86147,-4.87666,-3.07073,-2.3600000000000003,-4.3100000000000005,0,True,0,0,0,1,0.5,False
mobley_1502181,CCCCCCCC(=O)C,nonan-2-one,,-2.49,0.6,-2.563,-3.65004,-2.04742,-3.53497,-3.0489999999999995,-4.558,0,False,2,0,0,0,0.0,True
mobley_1520842,Cc1ccncc1,4-methylpyridine,c1ccncc1,-4.93,0.6,-3.343,-4.65612,-4.83966,-4.70552,-4.612,-5.8420000000000005,0,True,0,0,2,0,1.0,True
mobley_1527293,C[C@@H](c1ccc(c(c1)F)c2ccccc2)C(=O)O,flurbiprofen,c1ccc(-c2ccccc2)cc1,-8.42,0.16,-13.953,-12.837,-13.7258,-17.769,-15.736,-17.747999999999998,0,True,0,2,1,0,0.5,False
mobley_1563176,CCCCS,butane-1-thiol,,-0.99,0.6,-0.174,-1.62836,0.370867,-1.64191,-0.798,-1.7380000000000002,0,True,1,1,0,0,0.0,False
mobley_1571523,Cc1cccc(c1C)O,"2,3-dimethylphenol",c1ccccc1,-6.16,0.6,-5.148,-4.45142,-5.22681,-7.09326,-4.644,-6.337999999999999,0,True,0,0,0,0,1.0,True
mobley_1592519,CCCCCC(=O)OCC,ethyl hexanoate,,-2.23,0.6,-2.929,-3.55178,-2.60682,-3.54854,-3.18,-4.436999999999999,0,True,0,0,0,0,1.0,True
mobley_1615431,CC(C)OC(C)C,2-isopropoxypropane,,-0.53,0.6,-0.178,-0.0964986,-0.328502,-0.480758,0.5789999999999997,-0.47,0,True,0,0,0,0,1.0,True
mobley_1636752,CO,methanol,,-5.1,0.6,-3.491,-4.07426,-4.24733,-6.24389,-4.789,-5.384,0,False,2,0,0,0,0.0,True
mobley_1650157,CC(C)(C)O,2-methylpropan-2-ol,,-4.47,0.6,-3.288,-3.08674,-3.01116,-4.35282,-2.9200000000000004,-3.952,0,True,0,0,0,0,1.0,True
mobley_1659169,C1COCCN1,morpholine,C1COCCN1,-7.17,0.6,-6.116,-6.12954,-5.51506,-4.25126,-4.813000000000001,-4.476,0,True,0,0,0,0,1.0,True
mobley_1662128,CCC=C,but-1-ene,,1.38,0.6,2.367,0.995003,1.24102,0.742274,1.539,0.176,0,True,1,1,0,0,0.0,True
mobley_1674094,CCCCC#C,hex-1-yne,,0.29,0.6,0.553,0.842092,0.587594,0.17009,1.031,-0.53,0,True,1,0,0,0,0.0,True
mobley_1708457,CS(=O)(=O)C,methylsulfonylmethane,,-10.08,0.6,-10.559,-11.4593,-12.6835,-12.6779,-14.392,-15.336,0,False,2,2,0,0,1.0,False
mobley_1717215,COC=O,methyl formate,,-2.78,0.6,-4.028,-4.36373,-4.6221,-5.86792,-6.998,-7.81,0,True,0,0,0,0,0.0,True
mobley_1722522,CCCC(=O)OCC,ethyl butanoate,,-2.49,0.6,-3.381,-4.03082,-3.08453,-4.05227,-3.968,-4.908,0,False,2,1,2,0,1.0,True
mobley_1723043,C1(C(C(C1(F)F)(F)F)(F)F)(F)F,octafluorocyclobutane,C1CCC1,3.43,0.03,3.077,4.87378,3.87818,0.254252,0.92,-1.05,0,True,0,0,1,0,0.5,False
mobley_1728386,c1ccc(cc1)C(=O)N,benzamide,c1ccccc1,-11.0,0.2,-10.412,-11.027,-10.5443,-11.1336,-13.089,-13.534,0,True,0,2,0,0,1.0,True
mobley_172879,c1ccc2c(c1)Oc3ccccc3O2,dibenzo-p-dioxin,c1ccc2c(c1)Oc1ccccc1O2,-3.15,0.1,-4.9,-3.9786,-6.23754,-4.9079,-4.664,-6.369000000000001,0,False,2,0,0,0,0.5,True
mobley_1733799,c1cc(ccc1O)Br,4-bromophenol,c1ccccc1,-5.85,0.83,-5.833,-4.87226,-6.02331,-8.22223,-5.939,-7.212,0,True,1,0,0,1,1.0,False
mobley_1735893,CCCCCC(=O)O,hexanoic acid,,-6.21,0.6,-7.878,-7.45533,-8.16397,-11.8365,-9.289,-10.271,0,True,0,0,0,0,0.0,True
mobley_1743409,CCOC(=O)CCC(=O)OCC,diethyl butanedioate,,-5.71,0.6,-8.683,-9.16167,-7.41548,-8.60135,-9.407,-10.415,0,True,0,0,2,0,0.0,True
mobley_1755375,Cc1cccc(c1O)C,"2,6-dimethylphenol",c1ccccc1,-5.26,0.6,-4.308,-4.11941,-4.98249,-5.99241,-4.414,-5.908,0,True,0,1,0,0,1.0,True
mobley_1760914,Cc1ccccc1Cl,1-chloro-2-methyl-benzene,c1ccccc1,-1.14,0.6,-0.473,-1.21859,-1.37383,-1.29576,-0.6750000000000003,-2.143,0,True,0,0,0,0,1.0,False
mobley_1770205,COP(=S)(OC)SCn1c(=O)c2ccccc2nn1,"3-(dimethoxyphosphinothioylsulfanylmethyl)-1,2,3-benzotriazin-4-one",O=c1[nH]nnc2ccccc12,-10.03,1.37,-14.106,-14.7366,-13.9935,-14.2538,-17.736,-17.249000000000002,0,True,1,2,0,1,0.5,False
mobley_1781152,CC(C)(C)C(=O)OC,"methyl 2,2-dimethylpropanoate",,-2.4,0.6,-3.304,-3.65181,-3.03474,-4.12996,-3.919,-4.938,0,True,0,0,0,0,1.0,True
mobley_1792062,C(CBr)Br,"1,2-dibromoethane",,-2.33,0.6,-1.275,-2.13828,-0.656971,-1.8648,-0.5999999999999996,-1.618,0,True,0,0,0,0,0.0,False
mobley_1800170,CCS,ethanethiol,,-1.14,0.6,-0.395,-2.08024,-0.168841,-2.15556,-1.6020000000000003,-2.2350000000000003,0,True,1,0,2,0,1.0,False
mobley_1803862,CCC(C)C,isopentane,,2.38,0.6,2.59,1.99285,1.92139,1.44952,2.551,1.201,0,True,0,0,0,0,0.0,True
mobley_1821184,Cc1c[nH]c2c1cccc2,3-methyl-1H-indole,c1ccc2[nH]ccc2c1,-5.88,0.6,-8.161,-7.03166,-7.25704,-6.77053,-7.278,-9.311,0,False,2,0,2,0,1.0,True
mobley_1827204,CCCCCC=O,hexanal,,-2.81,0.6,-2.86,-3.49388,-2.60627,-4.20468,-4.246,-5.633,0,False,2,0,1,0,0.0,True
mobley_1838110,C(C(F)(Cl)Cl)(F)(F)Cl,"1,1,2-trichloro-1,2,2-trifluoro-ethane",,1.77,0.6,1.691,1.49411,2.14558,0.791322,1.89,-1.971,0,True,1,0,0,0,1.0,False
mobley_1849020,CCOP(=S)(OCC)SCSc1ccc(cc1)Cl,4-chlorophenyl)sulfanylmethylsulfanyl-diethoxy-thioxo-$l^{5}-phosphane,c1ccccc1,-6.5,0.83,-7.024,-9.58076,-8.7748,-9.71401,-10.986999999999998,-10.36,0,True,0,0,0,1,0.5,False
mobley_1855337,c1c(cc(c(c1Cl)Cl)Cl)Cl,"1,2,3,5-tetrachlorobenzene",c1ccccc1,-1.62,0.6,0.136,-0.783938,-0.702526,0.120075,1.2070000000000003,-0.4169999999999998,0,True,0,0,0,0,1.0,False
mobley_1857976,C(CCl)Cl,"1,2-dichloroethane",,-1.79,0.6,-0.363,-2.10896,-2.24375,-2.33928,-2.1220000000000003,-2.904,0,False,2,0,0,0,0.0,False
mobley_1858644,c1ccc(cc1)CCO,2-phenylethanol,c1ccccc1,-6.79,0.6,-5.28,-6.0964,-5.55451,-7.52273,-5.371,-7.431,0,True,0,0,0,0,0.0,True
mobley_186894,CCCS,propanethiol,,-1.1,0.2,-0.182,-1.82824,0.13347,-1.8681,-1.162,-1.932,0,True,0,0,0,0,0.0,False
mobley_1873346,Cc1ccccc1,toluene,c1ccccc1,-0.9,0.2,-0.79,-1.62474,-1.10628,-1.43665,-0.815,-2.462,0,True,0,0,0,0,1.0,True
mobley_1875719,CCC(=O)CC,pentan-3-one,,-3.41,0.2,-3.05,-3.92455,-2.60413,-3.8887,-3.689000000000001,-4.95,0,True,1,0,0,0,0.0,True
mobley_1881249,CCCC(=O)C,pentan-2-one,,-3.52,0.6,-3.166,-4.42939,-2.92428,-4.39293,-4.359,-5.341,0,True,0,0,0,0,0.0,True
mobley_1893815,C(C(Cl)(Cl)Cl)Cl,"1,1,1,2-tetrachloroethane",,-1.43,0.1,-0.091,-1.41537,-1.25393,-0.99751,-0.0689999999999999,-1.914,0,True,0,0,0,0,0.0,False
mobley_1893937,CCCCCCCl,1-chlorohexane,,0.0,0.6,1.261,0.166193,0.494274,0.101348,1.064,-0.238,0,True,0,0,0,0,0.0,False
mobley_1896013,C1[C@H]([C@@H]([C@H]([C@H](O1)O)O)O)O,"(2S,3R,4S,5R)-oxane-2,3,4,5-tetrol",C1CCOCC1,-20.52,0.27,-14.148,-13.1838,-15.0244,-21.1951,-15.182,-14.703,0,True,1,2,0,0,0.5,True
mobley_1899443,CCCC(=C)C,2-methylpent-1-ene,,1.47,0.6,2.486,1.41845,1.58098,1.07213,2.083,0.562,0,True,0,0,0,0,0.0,True
mobley_1903702,CC[C@H](C)O,butan-2-ol,,-4.62,0.6,-3.145,-2.75965,-2.76292,-4.35224,-2.405,-3.734,0,True,0,1,0,0,1.0,True
mobley_1905088,c1ccc(cc1)CBr,benzyl bromide,c1ccccc1,-2.38,0.2,-1.853,-2.83859,-2.19608,-2.95259,-2.106,-3.643,0,True,0,0,0,0,1.0,False
mobley_1922649,COP(=S)(OC)Oc1ccc(cc1)[N+](=O)[O-],methylparathion,c1ccccc1,-7.19,0.1,-10.466,-7.9709,-11.0791,-10.7518,-13.05,-13.637,0,True,1,0,0,0,0.5,False
mobley_1923244,CCCC,n-butane,,2.1,0.2,2.588,1.86422,1.77912,1.31365,2.348,1.092,0,True,0,0,0,0,1.0,True
mobley_1929982,S,hydrogen sulfide,,-0.7,0.6,-1.135,-2.94014,-1.04859,-4.57758,-3.127,-3.529,0,True,0,0,0,0,0.0,False
mobley_194273,CC[C@H](C)n1c(=O)c(c([nH]c1=O)C)Br,bromacil,O=c1cc[nH]c(=O)[nH]1,-9.73,1.93,-14.496,-14.4769,-10.2147,-12.2162,-13.664,-14.286,0,True,0,2,0,1,0.5,False
mobley_1944394,CN(C)CCOC(c1ccccc1)c2ccccc2,[2-benzhydryloxyethyl]-dimethyl-amine,c1ccc(Cc2ccccc2)cc1,-9.34,0.62,-7.873,-7.0233,-6.18442,-5.4432,-5.351,-5.558000000000001,0,True,0,2,2,0,0.5,True
mobley_1952272,C[N+](=O)[O-],nitromethane,,-4.02,0.6,-2.075,-2.83267,-3.53689,-2.79528,-2.998,-3.149,0,True,1,0,0,0,1.0,True
mobley_1963873,CC(=O)NC,N-methylacetamide,,-10.0,0.6,-8.276,-8.86721,-7.0254,-8.58373,-9.663,-10.138,0,True,0,2,0,0,1.0,True
mobley_1967551,CC=O,acetaldehyde,,-3.5,0.6,-3.372,-4.48506,-3.82261,-5.56639,-6.277000000000001,-6.937,0,True,0,0,0,0,1.0,True
mobley_197466,CC(=O)C1CC1,1-cyclopropylethanone,C1CC1,-4.61,0.6,-3.043,-4.84475,-3.38543,-4.83052,-4.9830000000000005,-5.757,0,True,0,0,1,0,1.0,True
mobley_1976156,CCCCCCCCC=O,nonanal,,-2.07,0.6,-2.336,-2.91204,-1.9494,-3.57202,-3.333,-5.094,0,True,0,0,0,0,0.0,True
mobley_1977493,CCCCl,1-chloropropane,,-0.33,0.6,0.973,-0.33592,-0.111232,-0.47762,0.1360000000000001,-0.7229999999999999,0,True,0,0,0,0,0.0,False
mobley_1987439,Cc1cc(cc(c1)C)C,mesitylene,c1ccccc1,-0.9,0.6,-0.553,-1.05546,-0.454687,-0.799137,0.0409999999999999,-1.491,0,True,0,0,0,0,1.0,True
mobley_2005792,c1ccc(cc1)c2ccccc2,biphenyl,c1ccc(-c2ccccc2)cc1,-2.7,0.2,-3.143,-3.36853,-3.21382,-3.34068,-3.021,-4.96,0,True,0,0,1,0,0.0,True
mobley_2008055,CC,ethane,,1.83,0.6,2.465,1.58483,1.41048,0.946109,1.76,0.8140000000000001,0,True,0,0,0,0,1.0,True
mobley_2023925,[C@@H](C(F)(F)F)(OC(F)F)Cl,"2-chloro-2-(difluoromethoxy)-1,1,1-trifluoro-ethane",,0.1,0.6,-1.156,-0.445985,-0.295295,-3.94705,-4.766,-8.008,0,True,1,0,0,0,0.0,False
mobley_2043882,CC(=O)C1CCCCC1,1-cyclohexylethanone,C1CCCCC1,-3.9,0.6,-4.003,-3.87304,-2.54708,-3.7048,-3.2510000000000003,-4.517,0,True,0,0,2,0,0.0,True
mobley_2049967,CCSC,methylsulfanylethane,,-1.5,0.2,0.386,-1.21919,0.226437,-0.982718,-0.4909999999999996,-1.4539999999999995,0,True,0,1,0,0,0.0,False
mobley_20524,c1ccc(cc1)O,phenol,c1ccccc1,-6.6,0.2,-5.707,-5.06,-6.11241,-8.02315,-6.148,-7.579000000000001,0,True,0,0,0,0,1.0,True
mobley_2068538,CCC,propane,,2.0,0.2,2.495,1.7034,1.58001,1.12003,2.053,0.939,0,True,0,0,2,0,1.0,True
mobley_2078467,C[C@@H](c1ccc(cc1)CC(C)C)C(=O)O,ibuprofen,c1ccccc1,-7.0,0.64,-10.857,-10.2434,-10.9895,-14.5282,-12.178,-13.862,0,True,0,0,0,0,0.5,True
mobley_2099370,C[C@@H](c1cccc(c1)C(=O)c2ccccc2)C(=O)O,ketoprofen,O=C(c1ccccc1)c1ccccc1,-10.78,0.18,-17.242,-16.3334,-17.7065,-21.678,-20.947,-22.31,0,True,0,2,1,0,0.5,True
mobley_210639,CC(C)I,2-iodopropane,,-0.46,0.6,-0.492,-1.27049,0.349135,-3.0203,-1.375,-2.058,0,True,0,1,0,0,1.0,False
mobley_2123854,c1cc(ccc1C#N)O,4-hydroxybenzonitrile,c1ccccc1,-10.17,0.6,-8.39,-7.41383,-10.1784,-11.2377,-10.456,-10.994,0,True,0,2,0,0,1.0,True
mobley_2126135,CCc1ccccc1O,2-ethylphenol,c1ccccc1,-5.66,0.1,-4.768,-4.31219,-5.03739,-6.91146,-4.423,-6.384,0,True,1,0,0,0,0.5,True
mobley_2143011,CC(C)C=C,3-methylbut-1-ene,,1.83,0.6,2.452,1.23501,1.48245,0.970985,1.824,0.388,0,True,1,0,0,0,0.0,True
mobley_2146331,C=O,formaldehyde,,-2.75,0.6,-3.155,-3.69162,-3.91934,-5.86739,-6.869,-7.735,0,True,0,1,1,0,0.0,True
mobley_2178600,CCCCCCl,1-chloro-pentane,,-0.1,0.2,1.084,-0.0144752,0.237144,-0.133123,0.7149999999999999,-0.4749999999999998,0,False,2,0,0,0,0.0,False
mobley_2183616,CC[C@H](C)c1ccccc1,sec-butylbenzene,c1ccccc1,-0.45,0.6,-0.22,-1.07818,-0.175011,-0.52667,0.2959999999999998,-1.5649999999999995,0,False,2,0,0,0,0.0,True
mobley_2197088,CCCCCCCCCC,decane,,3.16,0.6,3.335,2.91848,3.02248,2.51855,4.122,2.063,0,True,0,0,0,0,0.0,True
mobley_2198613,CCCl,chloroethane,,-0.63,0.6,0.775,-0.552755,-0.452146,-0.812795,-0.375,-1.0570000000000002,0,True,1,0,0,0,1.0,False
mobley_2213823,CCC(C)CC,3-methylpentane,,2.51,0.6,2.613,2.14692,2.09389,1.62481,2.797,1.349,0,True,1,0,0,0,0.0,True
mobley_2245668,CC(C)CO,2-methylpropan-1-ol,,-4.5,0.6,-3.13,-2.95749,-3.06674,-5.00348,-2.8080000000000003,-4.069,0,False,2,0,1,0,0.0,True
mobley_2261979,c1cc2cccc3c2c(c1)CC3,acenaphthene,c1cc2c3c(cccc3c1)CC2,-3.15,0.6,-4.198,-3.07776,-3.33028,-3.19751,-2.547,-4.164,0,False,2,0,0,0,1.0,True
mobley_2269032,C[C@@H](c1ccc2cc(ccc2c1)OC)C(=O)O,naproxen,c1ccc2ccccc2c1,-10.21,0.18,-12.199,-10.9961,-13.1193,-15.2775,-13.469,-14.964,0,True,0,2,1,0,0.5,True
mobley_2279874,COC(OC)OC,trimethoxymethane,,-4.42,0.6,-4.625,-4.54452,-5.63668,-5.43428,-5.502,-5.131,0,True,0,1,1,0,1.0,True
mobley_2294995,CCOC=O,ethyl formate,,-2.56,0.6,-3.867,-4.44589,-4.23319,-5.48206,-6.337,-7.209,0,True,0,0,0,0,0.0,True
mobley_2295058,COC(=O)c1ccc(cc1)O,methyl paraben,c1ccccc1,-9.51,0.26,-9.785,-8.1405,-10.0267,-12.4726,-11.187,-12.156,0,True,0,2,0,0,0.5,True
mobley_2310185,CCO,ethanol,,-5.0,0.6,-3.394,-3.49758,-3.71136,-5.6162,-3.754,-4.6930000000000005,0,True,0,0,0,0,1.0,True
mobley_2316618,c1ccc2c(c1)C(=O)c3cccc(c3C2=O)NCCO,"1-(2-hydroxyethylamino)-9,10-anthraquinone",O=C1c2ccccc2C(=O)c2ccccc21,-14.21,1.1,-13.599,-14.8526,-13.9255,-16.0251,-15.301999999999998,-16.648,0,True,0,2,0,0,0.5,True
mobley_2328633,CCCCCC1CCCC1,pentylcyclopentane,C1CCCC1,2.55,0.6,2.381,2.45293,2.63282,2.29093,3.698,1.933,0,True,0,0,0,0,0.0,True
mobley_2341732,CCCCC(=O)OC,methyl pentanoate,,-2.56,0.6,-3.492,-3.93896,-3.25219,-4.24467,-4.239000000000001,-5.284,0,True,0,0,0,0,1.0,True
mobley_2354112,CCc1cccc(c1)O,3-ethylphenol,c1ccccc1,-6.25,0.6,-5.272,-4.41767,-5.03392,-6.98088,-4.834,-6.356,0,True,1,0,0,0,0.0,True
mobley_2364370,CCCCOC(=O)C,butyl acetate,,-2.64,0.6,-3.406,-4.44732,-3.4179,-4.53924,-4.667999999999999,-5.408,0,True,0,1,1,0,1.0,True
mobley_2371092,Cc1ccncc1C,"3,4-dimethylpyridine",c1ccncc1,-5.22,0.6,-3.201,-4.45391,-4.53999,-4.42823,-4.1770000000000005,-5.292,0,True,0,0,2,0,1.0,True
mobley_2390199,CCCC(=O)CCC,heptan-4-one,,-2.92,0.6,-2.704,-3.39716,-2.03486,-3.33477,-2.835,-4.378,0,True,0,0,0,0,0.0,True
mobley_2402487,CCOC(=O)CC(=O)OCC,diethyl propanedioate,,-6.0,0.6,-6.716,-9.0964,-8.46006,-9.76472,-11.137,-11.502,0,False,2,0,0,0,1.0,True
mobley_2410897,CCN,ethanamine,,-4.5,0.6,-3.156,-2.76389,-1.1554,-0.838771,-0.891,-3.277,0,True,0,0,2,0,1.0,True
mobley_2422586,CCCOC,1-methoxypropane,,-1.66,0.6,-0.598,-0.987116,-1.05319,-1.30244,-0.6440000000000001,-1.4529999999999998,0,True,0,1,0,0,0.0,True
mobley_242480,c1ccc2c(c1)C(=O)c3c(ccc(c3C2=O)N)N,"1,4-diamino-9,10-anthracenedione",O=C1c2ccccc2C(=O)c2ccccc21,-11.85,0.35,-15.252,-16.8997,-13.2855,-12.3627,-13.96,-16.782,0,True,0,2,0,0,0.5,True
mobley_2451097,c1ccc(cc1)C#N,benzonitrile,c1ccccc1,-4.1,0.6,-3.238,-4.35713,-5.42207,-4.60303,-5.445,-6.191000000000001,0,True,0,0,0,0,1.0,True
mobley_2457863,COc1cccc(c1)O,3-methoxyphenol,c1ccccc1,-7.66,0.6,-6.969,-5.90371,-7.57558,-9.20204,-7.261000000000001,-8.399999999999999,0,True,0,1,0,0,0.0,True
mobley_2481002,C([N+](=O)[O-])(Cl)(Cl)Cl,trichloro(nitro)methane,,-1.45,0.1,-0.379,-0.516043,-0.198253,0.526665,1.789,-0.1639999999999999,0,False,2,0,0,0,0.5,False
mobley_2484519,c1ccc(cc1)CCl,benzyl chloride,c1ccccc1,-1.93,0.2,-1.742,-2.62514,-2.59937,-2.69166,-2.432,-3.897,0,True,0,0,0,0,0.0,False
mobley_2487143,CCCCC(=O)C,hexan-2-one,,-3.28,0.6,-3.006,-4.24967,-2.72758,-4.23033,-4.063000000000001,-5.23,0,True,0,1,2,0,0.0,True
mobley_2489709,c1ccc(c(c1)Cl)Cl,"1,2-dichlorobenzene",c1ccccc1,-1.36,0.6,-0.553,-1.42337,-1.79157,-1.36047,-0.863,-2.164,0,True,0,0,0,0,1.0,False
mobley_2492140,C(C(Cl)(Cl)Cl)(Cl)Cl,"1,1,1,2,2-pentachloroethane",,-1.23,0.1,0.059,-1.06334,-0.64337,-0.274275,0.931,-1.5259999999999998,0,True,0,0,2,0,0.0,False
mobley_2493732,C=C(Cl)Cl,"1,1-dichloroethylene",,0.25,0.6,1.108,-0.15377,-0.30804,-0.276351,0.298,-0.6140000000000001,0,True,0,0,0,0,1.0,False
mobley_2501588,CCC[N@@](CC1CC1)c2c(cc(cc2[N+](=O)[O-])C(F)(F)F)[N+](=O)[O-],profluralin,c1ccc(NCC2CC2)cc1,-2.45,1.37,-1.956,-2.05691,-2.42453,-2.10475,-2.077,-3.763,0,True,0,0,0,1,0.5,False
mobley_2517158,CCCCCCCBr,1-bromoheptane,,0.34,0.6,1.223,0.154981,1.16712,0.119949,1.723,0.2330000000000001,0,True,0,0,0,0,0.0,False
mobley_2518989,CCOP(=S)(OCC)S[C@@H](CCl)N1C(=O)c2ccccc2C1=O,dialifor,O=C1NC(=O)c2ccccc21,-5.74,1.93,-16.515,-17.1026,-15.6455,-17.9246,-20.831,-22.442,0,True,0,0,0,1,0.5,False
mobley_2523689,c1ccc(cc1)n2c(=O)c(c(cn2)N)Cl,5-Amino-4-chloro-2-phenylpyridazin-3(2H)-one,O=c1cccnn1-c1ccccc1,-16.43,1.93,-16.039,-15.5051,-14.16,-13.0015,-15.161,-16.787000000000003,0,False,2,2,0,1,0.5,False
mobley_252413,CCCC(C)(C)C,"2,2-dimethylpentane",,2.88,0.6,2.686,2.28365,2.27878,1.77155,3.012,1.494,0,True,0,0,0,0,1.0,True
mobley_2577969,c1cc2ccc3cccc4c3c2c(c1)cc4,pyrene,c1cc2ccc3cccc4ccc(c1)c2c34,-4.52,0.6,-6.79,-4.74726,-5.89031,-5.18411,-4.746,-6.704000000000001,0,True,0,0,0,0,1.0,True
mobley_2607611,CCCCCCOC(=O)C,hexyl acetate,,-2.26,0.6,-2.219,-3.31809,-2.43606,-3.36217,-3.155,-4.225,0,True,0,0,0,0,0.0,True
mobley_2609604,CCC(C)(C)CC,"3,3-dimethylpentane",,2.56,0.6,2.593,2.26505,2.20842,1.71404,2.939,1.451,0,True,0,1,0,0,1.0,True
mobley_2613240,COc1ccccc1OC,"1,2-dimethoxybenzene",c1ccccc1,-5.33,0.1,-4.055,-4.45569,-5.53734,-5.15847,-4.789,-6.216,0,True,0,0,0,0,1.0,True
mobley_2636578,C(CO[N+](=O)[O-])CO[N+](=O)[O-],3-nitrooxypropyl nitrate,,-4.8,0.39,-5.322,-4.92789,-6.7953,-4.1267,-4.031,-4.9,0,True,1,1,0,0,0.5,True
mobley_2659552,Cc1ccc(cc1)C(=O)N(C)C,"N,N-4-trimethylbenzamide",c1ccccc1,-9.76,0.2,-8.081,-8.48162,-7.04878,-8.4712,-9.078,-9.946,0,False,2,2,0,0,0.0,True
mobley_2661134,c1cc(cc(c1)O)C#N,3-hydroxybenzonitrile,c1ccccc1,-9.65,0.6,-7.739,-6.91532,-9.32659,-10.4176,-9.316,-10.122,0,True,0,2,0,0,1.0,True
mobley_2681549,c1c(cc(cc1Cl)Cl)Cl,"1,3,5-trichlorobenzene",c1ccccc1,-0.78,0.6,0.326,-0.522718,-0.872876,-0.214983,0.6010000000000004,-0.9580000000000002,0,True,0,0,0,0,1.0,False
mobley_2689721,C1CCCCC1,cyclohexane,C1CCCCC1,1.23,0.6,1.503,1.6215,1.72768,1.45995,2.562,1.196,0,True,0,0,2,0,1.0,True
mobley_2693089,CC(C)Cc1cnccn1,2-isobutylpyrazine,c1cnccn1,-5.04,0.6,-5.495,-6.65232,-6.36168,-6.16124,-6.2780000000000005,-8.035,0,True,0,0,0,0,0.0,True
mobley_2725215,CCCN(CCC)c1c(cc(cc1[N+](=O)[O-])S(=O)(=O)C)[N+](=O)[O-],nitralin,c1ccccc1,-7.98,1.93,-11.246,-7.39253,-13.9733,-11.4774,-12.398,-14.874,0,False,2,2,0,1,0.5,False
mobley_2725802,CC(=O)N1CCCC1,1-pyrrolidin-1-ylethanone,C1CCNC1,-9.8,0.6,-7.831,-8.14114,-5.59666,-7.23115,-7.93,-8.065,0,True,0,2,0,0,1.0,True
mobley_2727678,c1c(c(=O)[nH]c(=O)[nH]1)I,5-iodouracil,O=c1cc[nH]c(=O)[nH]1,-18.72,0.64,-17.742,-18.2348,-14.1359,-17.676,-20.982,-20.654,0,True,0,2,0,0,0.5,False
mobley_2751110,c1cc(ccc1[N+](=O)[O-])O,4-nitrophenol,c1ccccc1,-10.64,0.6,-8.472,-6.17855,-9.25937,-10.1438,-8.464,-9.078,0,True,0,2,0,0,0.0,True
mobley_2763835,CCOc1ccccc1,ethoxybenzene,c1ccccc1,-2.22,0.6,-2.254,-2.90258,-3.02813,-2.91149,-2.433,-3.888,0,True,0,0,0,0,0.0,True
mobley_2771569,CN1CCNCC1,1-methylpiperazine,C1CNCCN1,-7.77,0.6,-8.173,-7.02368,-6.11753,-4.21856,-4.834,-3.0660000000000003,0,True,1,2,0,0,1.0,True
mobley_2782339,c1ccc2c(c1)C(=O)NC2=O,phthalimide,O=C1NC(=O)c2ccccc21,-9.61,0.5,-11.825,-12.4311,-10.4711,-12.1478,-14.456,-15.111,0,False,2,2,0,0,0.5,True
mobley_2784376,C1CC1,cyclopropane,C1CC1,0.75,0.6,2.485,1.18976,1.24953,0.837996,1.632,0.487,0,True,0,0,1,0,1.0,True
mobley_2789243,c1cc(cnc1)Cl,3-chloropyridine,c1ccncc1,-4.01,0.6,-2.767,-4.41646,-4.48067,-4.14466,-3.986,-5.385,0,True,0,0,2,0,1.0,False
mobley_2792521,CCC/C=C/C=O,(2E)-hex-2-enal,,-3.68,0.6,-3.123,-4.5269,-3.42936,-5.10333,-5.516,-6.573,0,True,0,0,0,0,0.0,True
mobley_2802855,CCCCBr,1-bromobutane,,-0.4,0.6,0.705,-0.412074,0.501321,-0.532461,0.7509999999999999,-0.2989999999999999,0,True,0,0,2,0,0.0,False
mobley_282648,c1ccc2ccccc2c1,naphthalene,c1ccc2ccccc2c1,-2.4,0.6,-3.213,-2.97693,-3.16852,-3.18849,-2.773,-4.589,0,False,2,0,1,0,1.0,True
mobley_2837389,c1cc[nH]c1,pyrrole,c1cc[nH]c1,-4.78,0.6,-4.014,-5.43569,-4.12816,-4.43881,-4.81,-6.364,0,True,1,0,0,0,1.0,True
mobley_2844990,c1cc2c(cc1Cl)Oc3cc(c(c(c3O2)Cl)Cl)Cl,"1,2,3,7-tetrachlorodibenzo-p-dioxin",c1ccc2c(c1)Oc1ccccc1O2,-3.84,1.0,-2.66,-2.40379,-3.61894,-1.51706,-0.367,-2.501,0,False,2,0,0,1,0.5,False
mobley_2845466,c1c2c(cc(c1Cl)Cl)Oc3cc(c(cc3O2)Cl)Cl,"2,3,7,8-tetrachlorodibenzo-p-dioxin",c1ccc2c(c1)Oc1ccccc1O2,-3.37,1.0,-2.54,-2.15698,-3.62975,-1.41162,-0.1479999999999997,-2.438,0,True,0,0,0,1,0.5,False
mobley_2850833,c1ccc(c(c1)C=O)O,2-hydroxybenzaldehyde,c1ccccc1,-4.68,0.1,-8.809,-8.1745,-8.8229,-12.0556,-10.494,-11.946,0,False,2,0,0,0,0.5,True
mobley_2859600,C=Cc1ccccc1,styrene,c1ccccc1,-1.24,0.6,-1.078,-2.152,-1.55695,-1.92444,-1.4969999999999994,-3.25,0,True,0,0,0,0,1.0,True
mobley_2864987,CCC[C@@H](C)O,pentan-2-ol,,-4.39,0.6,-2.945,-2.5708,-2.54335,-4.11972,-2.105,-3.514,0,True,0,0,0,0,0.0,True
mobley_2881590,CC(C)CO[N+](=O)[O-],isobutyl nitrate,,-1.88,0.1,-1.835,-1.83761,-2.38699,-1.38631,-0.8809999999999998,-1.661,0,False,2,0,1,0,0.5,True
mobley_2913224,CC(=O)Oc1ccccc1C(=O)O,acetylsalicylic acid,c1ccccc1,-9.94,0.18,-9.399,-9.41755,-11.0994,-14.8108,-12.553,-13.765,0,True,0,2,0,0,0.5,True
mobley_2923700,CCc1ccc(cc1)O,4-ethylphenol,c1ccccc1,-6.13,0.6,-5.453,-4.28096,-5.37761,-7.28605,-5.236,-6.699999999999999,0,True,0,0,0,0,0.0,True
mobley_2925352,Cc1ccc(cc1)O,p-cresol,c1ccccc1,-6.13,0.6,-5.579,-4.56342,-5.73784,-7.64695,-5.67,-7.054,0,True,0,0,0,0,1.0,True
mobley_2929847,CC(C)CC(=O)O,3-methylbutanoic acid,,-6.09,0.6,-8.844,-7.55965,-8.48621,-11.9917,-9.69,-10.241,0,True,0,0,0,0,1.0,True
mobley_2958326,CCCNCCC,N-propylpropan-1-amine,,-3.65,0.6,-2.233,-1.81251,-1.38743,-0.687282,-0.7080000000000002,-1.2779999999999998,0,True,1,0,0,0,0.0,True
mobley_2960202,c1c2c(cc(c1Cl)Cl)Oc3c(c(c(c(c3Cl)Cl)Cl)Cl)O2,"1,2,3,4,7,8-hexachlorodibenzo-p-dioxin",c1ccc2c(c1)Oc1ccccc1O2,-3.71,1.0,-1.878,-2.06332,-1.88443,0.247824,2.099,-0.3420000000000001,0,True,0,0,0,1,0.5,False
mobley_296847,c1ccncc1,pyridine,c1ccncc1,-4.69,0.6,-3.508,-4.80417,-5.19547,-5.02207,-5.032,-6.3020000000000005,0,True,0,0,2,0,1.0,True
mobley_2972345,c1ccc2c(c1)Cc3ccccc3C2,"9,10-dihydroanthracene",c1ccc2c(c1)Cc1ccccc1C2,-3.78,0.1,-4.304,-3.55265,-3.33095,-3.22477,-2.5729999999999995,-4.531000000000001,0,True,0,0,0,0,0.5,True
mobley_2972906,c1ccsc1,thiophene,c1ccsc1,-1.4,0.2,-0.359,-2.35133,-0.814638,-1.49848,-1.053,-2.2910000000000004,0,True,0,0,0,0,1.0,False
mobley_299266,CC(=C)C,2-methylprop-1-ene,,1.16,0.6,2.327,0.988937,1.11506,0.614294,1.455,0.1459999999999999,0,True,0,0,0,0,1.0,True
mobley_2996632,C(Cl)(Cl)Cl,chloroform,,-1.08,0.6,0.285,-0.666442,-0.824977,-0.784598,-0.0689999999999999,-1.6729999999999998,0,True,0,0,0,0,1.0,False
mobley_3006808,C(C(F)(F)F)O,"2,2,2-trifluoroethanol",,-4.31,0.6,-3.809,-3.20438,-4.62461,-9.77372,-7.677999999999999,-8.711,0,True,0,0,0,0,0.0,False
mobley_303222,CC=C,prop-1-ene,,1.32,0.6,2.328,0.735927,0.979696,0.457816,1.142,-0.0569999999999999,0,False,2,0,0,0,1.0,True
mobley_3034976,CC(=O)O,acetic acid,,-6.69,0.6,-7.281,-8.97106,-9.75254,-13.4748,-11.94,-11.855,0,True,0,0,0,0,1.0,True
mobley_3040612,CCc1ccccc1C,1-ethyl-2-methylbenzene,c1ccccc1,-0.85,0.1,-0.761,-1.34506,-0.611056,-0.925864,-0.0820000000000003,-1.745,0,True,0,0,0,0,0.0,True
mobley_3047364,CCNc1nc(nc(n1)SC)NC(C)C,"2-N-ethyl-6-(methylsulfanyl)-4-N-(propan-2-yl)-1,3,5-triazine-2,4-diamine",c1ncncn1,-7.65,0.45,-10.552,-13.5122,-10.5162,-8.7222,-9.675,-9.742,0,True,0,0,2,0,0.5,False
mobley_3053621,c1ccccc1,benzene,c1ccccc1,-0.9,0.2,-0.806,-1.75629,-1.42557,-1.75567,-1.2439999999999998,-2.9399999999999995,0,True,0,0,0,0,1.0,True
mobley_3060426,CC(C)CCC(C)(C)C,"2,2,5-trimethylhexane",,2.93,0.6,2.97,2.63907,2.67309,2.13476,3.508,1.81,0,True,0,0,0,0,0.0,True
mobley_3083321,COCOC,dimethoxymethane,,-2.93,0.2,-3.221,-2.99426,-3.25283,-3.26924,-3.357,-3.555,0,True,0,0,0,0,0.0,True
mobley_3105103,Cc1c(c(=O)n(c(=O)[nH]1)C(C)(C)C)Cl,terbacil,O=c1cc[nH]c(=O)[nH]1,-11.14,1.93,-13.769,-13.9969,-9.59913,-10.7931,-12.390999999999998,-12.292,0,True,0,2,0,1,0.5,False
mobley_313406,CCCO,propan-1-ol,,-4.85,0.6,-3.33,-3.33427,-3.44245,-5.40434,-3.394,-4.409000000000001,0,True,0,0,1,0,0.0,True
mobley_3144334,Cc1ccc(c(c1)O)C,"2,5-dimethylphenol",c1ccccc1,-5.91,0.6,-5.014,-4.30714,-5.0985,-7.01664,-4.541,-6.26,0,True,0,0,0,0,1.0,True
mobley_3151666,CCCCCCCCCCO,decan-1-ol,,-3.64,0.6,-2.446,-2.09909,-1.99121,-4.00587,-1.332,-3.2139999999999995,0,True,0,0,0,0,0.0,True
mobley_3167746,CCCCCCCC,octane,,2.88,0.6,3.088,2.5646,2.60951,2.11479,3.526,1.736,0,True,0,0,1,0,0.0,True
mobley_3169935,c1ccc(c(c1)N)Cl,2-chloroaniline,c1ccccc1,-4.91,0.6,-4.847,-7.0248,-5.41284,-4.36802,-4.861,-7.1930000000000005,0,True,0,1,0,0,1.0,False
mobley_3183805,Cc1ccc(c(c1)C)C,"1,2,4-trimethylbenzene",c1ccccc1,-0.86,0.6,-0.795,-1.18579,-0.601092,-0.910305,-0.0619999999999998,-1.5759999999999998,0,True,0,0,0,0,1.0,True
mobley_3187514,Cc1ccccc1N,2-methylaniline,c1ccccc1,-5.53,0.6,-5.325,-6.689,-5.0237,-4.4052,-4.755,-7.146999999999999,0,True,0,0,0,0,1.0,True
mobley_3201701,Cc1c(nc(nc1OC(=O)N(C)C)N(C)C)C,pirimor,c1cncnc1,-9.41,1.93,-13.87,-14.251,-12.4405,-11.9499,-12.345,-13.113,0,True,0,2,2,1,0.5,True
mobley_3210206,C[C@@H](CO[N+](=O)[O-])O[N+](=O)[O-],"1,2-dinitroxypropane",,-4.95,0.1,-5.646,-5.50793,-7.45565,-4.82255,-4.880999999999999,-5.277,0,True,0,0,0,0,0.5,True
mobley_3211679,C1CCC=CC1,cyclohexene,C1=CCCCC1,0.14,0.1,1.175,0.532738,0.9559,0.701361,1.638,0.1869999999999998,0,True,0,0,0,0,0.0,True
mobley_3234716,Cc1ccc(cc1)C,p-xylene,c1ccccc1,-0.8,0.6,-0.658,-1.48351,-0.783307,-1.11664,-0.3879999999999999,-1.986,0,False,2,0,0,0,1.0,True
mobley_3259411,C(C(CO)O)O,glycerol,,-13.43,1.0,-10.14,-12.3071,-13.0406,-17.8482,-13.638,-14.259,0,True,1,2,0,0,0.5,True
mobley_3264884,c1ccc2cc(ccc2c1)N,naphthalen-2-amine,c1ccc2ccccc2c1,-7.47,0.6,-8.003,-8.97363,-7.11554,-6.17629,-6.896,-9.37,0,True,1,0,1,0,1.0,True
mobley_3265457,COc1cc(c(c(c1O)OC)Cl)C=O,2-chlorosyringaldehyde,c1ccccc1,-7.78,0.77,-8.292,-9.22536,-11.0125,-12.8871,-11.556,-13.662,0,True,0,2,0,0,0.5,False
mobley_3266352,CN(CC(F)(F)F)c1ccccc1,"N-methyl-N-(2,2,2-trifluoroethyl)aniline",c1ccccc1,-1.92,0.6,-3.964,-5.60085,-3.26379,-5.8345,-6.219,-6.957,0,True,0,0,0,0,0.0,False
mobley_3269565,CC(C)OC,2-methoxypropane,,-2.01,0.6,-0.657,-0.920562,-1.13631,-1.37636,-0.7210000000000001,-1.437,0,True,0,0,1,0,0.0,True
mobley_3269819,c1c(cc(c(c1Cl)Cl)Cl)c2cc(c(c(c2Cl)Cl)Cl)Cl,"1,2,3,4-tetrachloro-5-(3,4,5-trichlorophenyl)benzene",c1ccc(-c2ccccc2)cc1,-3.17,0.1,-0.822,-2.31716,-1.68438,0.12063,1.86,-0.593,0,True,0,0,1,0,0.5,False
mobley_3274817,CC[C@@H](C)c1cc(cc(c1O)[N+](=O)[O-])[N+](=O)[O-],"2-[(1R)-1-methylpropyl]-4,6-dinitro-phenolate",c1ccccc1,-6.23,1.93,-5.378,-3.60869,-6.69444,-6.4982,-3.46,-5.391,0,True,0,0,0,1,0.5,True
mobley_3318135,CCCCC(=O)CCCC,nonan-5-one,,-2.64,0.6,-2.364,-2.97567,-1.58225,-2.89825,-2.159,-3.966,0,True,0,0,0,0,0.0,True
mobley_3323117,C1CC[S+2](C1)([O-])[O-],sulfolane,C1CC[SH2+2]C1,-8.61,0.31,-9.624,-11.0391,-10.5289,-10.5117,-11.536,-11.634,0,True,1,2,0,0,0.5,False
mobley_3325209,COC(c1ccccc1)(OC)OC,trimethoxymethylbenzene,c1ccccc1,-4.04,0.6,-5.559,-5.70588,-6.64135,-6.10414,-5.059,-5.906000000000001,0,True,0,0,0,0,0.0,True
mobley_3359593,CCCc1ccc(c(c1)OC)O,4-propylguaiacol,c1ccccc1,-5.26,0.18,-4.127,-3.98932,-5.20993,-6.42043,-4.454000000000001,-5.871,0,True,1,0,0,0,0.5,True
mobley_3370989,CC(F)F,"1,1-difluoroethane",,-0.11,0.6,0.226,-1.13449,0.315228,-2.31658,-2.542,-3.156,0,True,0,0,0,0,1.0,False
mobley_337666,c1c(c(=O)[nH]c(=O)[nH]1)F,5-fluorouracil,O=c1cc[nH]c(=O)[nH]1,-16.92,0.88,-16.371,-17.5375,-14.2034,-17.3403,-21.404,-20.52,0,True,0,2,0,0,0.5,False
mobley_3378420,CCCCCCCCCO,nonan-1-ol,,-3.88,0.6,-2.564,-2.30847,-2.24879,-4.20869,-1.6150000000000002,-3.4150000000000005,0,True,0,1,0,0,0.0,True
mobley_3395921,C1CCOCC1,tetrahydropyran,C1CCOCC1,-3.12,0.6,-1.809,-1.46084,-1.45809,-1.51698,-0.907,-1.386,0,True,0,0,0,0,1.0,True
mobley_3398536,c1ccc(cc1)I,iodobenzene,c1ccccc1,-1.74,0.6,-1.057,-1.37084,-0.463833,-2.20109,-1.3129999999999995,-2.6179999999999994,0,True,0,0,0,0,1.0,False
mobley_3414356,CCCC(C)(C)O,2-methylpentan-2-ol,,-3.92,0.6,-2.779,-2.26997,-2.14173,-3.46184,-1.656,-3.1370000000000005,0,True,0,0,2,0,0.0,True
mobley_3425174,C(F)Cl,chloro-fluoro-methane,,-0.77,0.6,-0.171,-1.07941,-1.07919,-2.51867,-2.663,-3.5700000000000003,0,False,2,1,0,0,1.0,False
mobley_3452749,Cc1cccc(c1C)C,"1,2,3-trimethylbenzene",c1ccccc1,-1.21,0.6,-0.883,-1.2888,-0.721355,-1.00181,-0.1360000000000001,-1.633,0,True,0,0,0,0,1.0,True
mobley_349850,Cc1ccc(cc1)C(=O)C,1-(p-tolyl)ethanone,c1ccccc1,-4.7,0.6,-4.91,-6.00335,-5.08732,-6.24795,-6.505000000000001,-7.742999999999999,0,True,0,0,0,0,1.0,True
mobley_3515580,COc1ccccc1O,2-methoxyphenol,c1ccccc1,-5.94,0.1,-4.746,-5.00766,-6.28411,-7.69278,-5.766,-7.055,0,True,0,0,0,0,0.0,True
mobley_352111,CC(=O)OCCOC(=O)C,2-acetoxyethyl acetate,,-6.34,0.6,-8.292,-10.2369,-8.94347,-10.4185,-12.242,-12.176,0,False,2,1,2,0,0.5,True
mobley_3525176,CCCCCc1ccccc1,pentylbenzene,c1ccccc1,-0.23,0.6,-0.094,-1.05596,-0.0397684,-0.421059,0.5590000000000002,-1.5199999999999998,0,True,0,1,0,0,0.0,True
mobley_3546460,CCCCCCO,hexan-1-ol,,-4.4,0.6,-3.0,-2.75108,-2.81291,-4.77228,-2.457,-3.829,0,True,1,0,0,0,0.0,True
mobley_3572203,CCCCCOC(=O)CC,pentyl propanoate,,-2.11,0.6,-2.176,-2.93872,-2.15562,-2.91517,-2.452,-3.7239999999999993,0,True,0,0,0,0,0.0,True
mobley_3573480,CCCCCC(=O)C,heptan-2-one,,-3.04,0.6,-2.945,-4.0349,-2.4956,-3.97811,-3.739,-4.941,0,True,1,0,0,0,0.0,True
mobley_3589456,COC(CCl)(OC)OC,"2-chloro-1,1,1-trimethoxy-ethane",,-4.59,0.6,-3.638,-4.9314,-6.06873,-5.70146,-5.035,-5.5,0,True,1,0,0,0,0.0,False
mobley_36119,CCCCCCCCO,octan-1-ol,,-4.09,0.6,-2.69,-2.43375,-2.42155,-4.38816,-1.889,-3.52,0,True,0,1,0,0,0.0,True
mobley_3639400,CCCCCl,1-chlorobutane,,-0.16,0.6,0.993,-0.180725,0.078599,-0.29635,0.4380000000000001,-0.567,0,True,1,0,0,0,0.0,False
mobley_3663158,c1ccc2cc(ccc2c1)O,naphthalen-2-ol,c1ccc2ccccc2c1,-8.11,0.6,-7.849,-5.76025,-7.41635,-9.05962,-7.174,-8.756,0,True,0,2,1,0,1.0,True
mobley_3682850,C1CCC(=O)CC1,cyclohexanone,O=C1CCCCC1,-4.91,0.6,-4.18,-4.80414,-3.19085,-4.61091,-4.606,-5.242999999999999,0,True,0,0,1,0,1.0,True
mobley_3686115,CCOC(C)OCC,"1,1-diethoxyethane",,-3.28,0.2,-1.795,-2.54119,-3.10348,-2.91009,-2.187,-2.654,0,True,0,0,0,0,0.0,True
mobley_3690931,CCCC(=O)OCCC,propyl butanoate,,-2.28,0.6,-2.754,-3.40136,-2.54764,-3.43541,-3.136000000000001,-4.238,0,True,0,0,0,0,1.0,True
mobley_3709920,CCCCCCCC=C,non-1-ene,,2.06,0.6,2.995,1.93711,2.33978,1.81549,3.037,1.043,0,True,0,1,1,0,0.0,True
mobley_3715043,Cc1ccc(c2c1cccc2)C,"1,4-dimethylnaphthalene",c1ccc2ccccc2c1,-2.82,0.6,-3.081,-2.41459,-2.56703,-2.5709,-1.841,-3.5409999999999995,0,True,0,0,1,0,1.0,True
mobley_3727287,C1=CC(=O)C=CC1=O,quinone,O=C1C=CC(=O)C=C1,-6.5,0.2,-6.96,-8.87193,-7.70803,-9.19807,-10.569,-11.438,0,True,1,0,0,0,0.5,True
mobley_3738859,CCCCCBr,1-bromo-pentane,,-0.1,0.2,0.824,-0.204921,0.740226,-0.297899,1.106,-0.1059999999999998,0,True,1,0,0,0,0.0,False
mobley_3746675,CC(=C)c1ccccc1,isopropenylbenzene,c1ccccc1,-1.24,0.6,-0.651,-1.56209,-1.00473,-1.35657,-0.7430000000000003,-2.662,0,True,0,0,0,0,1.0,True
mobley_3761215,CC(Cl)(Cl)Cl,"1,1,1-trichloroethane",,-0.19,0.6,0.505,-1.01339,-0.574444,-0.574862,0.2559999999999998,-0.9960000000000002,0,True,0,0,0,0,1.0,False
mobley_3762186,C(Cl)Cl,dichloromethane,,-1.31,0.6,0.038,-1.0941,-1.38311,-1.50151,-1.1939999999999995,-2.137,0,True,1,0,0,0,1.0,False
mobley_3775790,Cn1cccc1,1-methylpyrrole,c1cc[nH]c1,-2.89,0.6,-2.374,-3.72112,-2.31487,-2.83423,-2.6060000000000003,-4.087,0,True,0,0,0,0,1.0,True
mobley_3777264,c1cc(cc(c1)[N+](=O)[O-])N,3-nitroaniline,c1ccccc1,-8.84,0.6,-8.204,-9.68762,-8.43913,-6.28067,-7.702,-8.952,0,True,0,2,0,0,0.0,True
mobley_3802803,CCCCCCO[N+](=O)[O-],hexyl nitrate,,-1.66,0.1,-1.596,-1.57366,-2.12569,-1.15759,-0.4170000000000002,-1.4440000000000002,0,True,0,0,0,0,0.5,True
mobley_3843583,c1ccc2c(c1)cccc2N,naphthalen-1-amine,c1ccc2ccccc2c1,-7.28,0.6,-7.777,-8.42742,-7.15087,-6.20454,-6.741999999999999,-9.178,0,True,0,0,1,0,1.0,True
mobley_3867265,CC(=O)C,acetone,,-3.8,0.6,-3.506,-5.1276,-3.77384,-5.39714,-5.801,-6.288,0,False,2,0,0,0,1.0,True
mobley_3968043,C1CCC(=O)C1,cyclopentanone,O=C1CCCC1,-4.7,0.6,-3.889,-4.89176,-3.22784,-4.62444,-4.7620000000000005,-5.313,0,True,0,0,0,0,1.0,True
mobley_3968739,COC(=O)c1ccccc1,methyl benzoate,c1ccccc1,-3.92,0.6,-4.921,-5.28305,-5.5199,-6.07176,-6.568999999999999,-7.645,0,True,0,0,0,0,1.0,True
mobley_3969312,c1ccc(cc1)C=O,benzaldehyde,c1ccccc1,-4.02,0.6,-5.058,-5.96932,-5.31384,-6.62393,-7.296000000000001,-8.749,0,True,0,0,0,0,1.0,True
mobley_397645,CCOC(=O)c1ccccc1,ethyl benzoate,c1ccccc1,-3.64,0.6,-4.597,-5.18154,-5.05235,-5.5929,-5.882,-7.053,0,True,0,0,0,0,0.0,True
mobley_3976574,c1cc2c(cc1Cl)Oc3c(c(c(c(c3Cl)Cl)Cl)Cl)O2,"1,2,3,4,7-pentachlorodibenzo-p-dioxin",c1ccc2c(c1)Oc1ccccc1O2,-4.15,1.0,-2.31,-2.18143,-2.59,-0.56341,0.9000000000000004,-1.314,0,True,0,0,0,1,0.5,False
mobley_3980099,c1cc(c(c(c1)Cl)Cl)Cl,"1,2,3-trichlorobenzene",c1ccccc1,-1.24,0.6,-0.51,-1.3634,-1.59966,-0.91786,-0.2329999999999996,-1.543,0,True,0,0,0,0,1.0,False
mobley_3982371,CC(=O)OC,methyl acetate,,-3.13,0.6,-3.83,-4.87465,-4.21666,-5.32551,-5.976000000000001,-6.377,0,True,0,1,0,0,0.0,True
mobley_3999471,CC(Cl)Cl,"1,1-dichloroethane",,-0.84,0.6,0.187,-1.22921,-1.14971,-1.27666,-0.8080000000000003,-1.7140000000000002,0,True,0,0,0,0,1.0,False
mobley_4013838,CC(C)C(=O)C(C)C,"2,4-dimethylpentan-3-one",,-2.74,0.6,-2.629,-3.10058,-2.11109,-3.45786,-2.677,-4.404,0,True,0,0,0,0,0.0,True
mobley_4035953,Cc1ccccc1O,o-cresol,c1ccccc1,-5.9,0.2,-5.076,-4.67849,-5.4481,-7.32407,-5.009,-6.765,0,True,0,0,0,0,1.0,True
mobley_4039055,c1c(c(=O)[nH]c(=O)[nH]1)Br,5-bromouracil,O=c1cc[nH]c(=O)[nH]1,-18.17,0.55,-17.298,-18.5222,-14.699,-16.926,-20.386,-19.947,0,False,2,2,0,0,0.5,False
mobley_4043951,CCCC=C,pent-1-ene,,1.68,0.6,2.532,1.1913,1.46041,0.945712,1.7999999999999998,0.3730000000000001,0,True,0,0,1,0,0.0,True
mobley_4043987,CCCCC(C)C,2-methylhexane,,2.93,0.6,2.894,2.35508,2.34462,1.85463,3.133,1.539,0,True,0,0,0,0,0.0,True
mobley_4059279,CN1CCN(CC1)C,"1,4-dimethylpiperazine",C1CNCCN1,-7.58,0.6,-7.874,-5.68754,-5.11088,-3.68537,-3.957,-0.3680000000000001,0,False,2,0,0,0,1.0,True
mobley_4149784,c1cc2c(cc1Cl)Oc3ccc(cc3O2)Cl,"2,7-dichlorodibenzo-p-dioxin",c1ccc2c(c1)Oc1ccccc1O2,-3.67,0.12,-3.321,-2.61002,-5.00793,-3.09537,-2.5,-4.4110000000000005,0,True,0,0,0,0,0.5,False
mobley_4177472,CC(C)C(C)C(C)C,"2,3,4-trimethylpentane",,2.56,0.6,2.674,2.48061,2.41431,1.90077,3.16,1.621,0,True,0,0,0,0,0.0,True
mobley_4188615,CN(C)C(=O)c1ccccc1,"N,N-dimethylbenzamide",c1ccccc1,-9.29,0.6,-8.113,-8.59344,-7.24523,-8.61467,-9.196,-10.217,0,True,0,2,0,0,0.0,True
mobley_4193752,c1ccc(cc1)[N+](=O)[O-],nitrobenzene,c1ccccc1,-4.12,0.6,-3.46,-3.40074,-4.6225,-3.50505,-3.712,-4.508,0,False,2,0,0,0,0.0,True
mobley_4218209,COc1ccc(cc1)N,4-methoxyaniline,c1ccccc1,-7.48,0.6,-7.016,-8.69615,-7.35921,-6.40956,-7.179,-9.281,0,True,0,1,0,0,0.0,True
mobley_4219614,c1cc(c(c(c1Cl)Cl)Cl)Cl,"1,2,3,4-tetrachlorobenzene",c1ccccc1,-1.34,0.6,-0.304,-1.20981,-1.09878,-0.257251,0.7410000000000001,-0.7270000000000001,0,True,0,1,0,0,1.0,False
mobley_4252724,CC(C)Cc1ccccc1,isobutylbenzene,c1ccccc1,0.16,0.6,-0.257,-1.20211,-0.216707,-0.559973,0.2450000000000001,-1.645,0,True,0,0,0,0,0.0,True
mobley_4287564,Cc1ccccn1,2-methylpyridine,c1ccncc1,-4.63,0.6,-3.501,-4.2938,-4.96656,-4.68447,-4.2940000000000005,-5.762,0,True,0,1,2,0,1.0,True
mobley_4291494,c1ccnc(c1)Cl,2-chloropyridine,c1ccncc1,-4.39,0.6,-3.873,-5.00659,-5.64226,-5.18593,-5.155,-6.463,0,True,0,0,2,0,1.0,False
mobley_430089,CCCC#C,pent-1-yne,,0.01,0.6,0.47,0.666459,0.375423,-0.0355207,0.71,-0.7050000000000001,0,False,2,0,2,0,0.0,True
mobley_4305650,CCC#N,propanenitrile,,-3.84,0.6,-2.491,-3.98283,-4.40698,-4.17168,-4.84,-5.085,0,True,1,0,0,0,1.0,True
mobley_4338603,c1c(=O)[nH]c(=O)[nH]c1Cl,6-chlorouracil,O=c1cc[nH]c(=O)[nH]1,-15.83,1.22,-15.128,-16.0786,-12.7274,-14.7955,-17.948,-17.84,0,True,1,2,0,0,0.5,False
mobley_4364398,CI,iodomethane,,-0.89,0.6,-0.641,-1.35683,-0.142538,-3.32275,-2.244,-2.677,0,True,1,0,0,0,0.0,False
mobley_4371692,c1ccc2c(c1)C(=O)c3c(ccc(c3C2=O)O)N,"1-amino-4-hydroxy-9,10-anthracenedione",O=C1c2ccccc2C(=O)c2ccccc21,-9.53,0.28,-10.984,-17.0646,-16.0648,-18.0566,-17.503,-19.345,0,True,1,2,0,0,0.5,True
mobley_4375719,CCCCCCCCC,nonane,,3.13,0.6,3.221,2.74115,2.81726,2.31727,3.817,1.9,0,True,0,0,2,0,0.0,True
mobley_4395315,Cc1cc(ccc1Cl)O,4-chloro-3-methyl-phenol,c1ccccc1,-6.79,0.6,-5.14,-3.95704,-5.57017,-7.21648,-5.0600000000000005,-6.346,0,True,0,0,0,0,1.0,False
mobley_4434915,CCl,chloromethane,,-0.55,0.6,0.764,-0.494639,-0.567071,-0.939931,-0.6479999999999999,-1.2080000000000002,0,False,2,0,0,0,1.0,False
mobley_4463913,CC(OC(=O)C)OC(=O)C,1-acetoxyethyl acetate,,-4.97,0.6,-8.006,-9.64454,-7.81905,-9.34982,-10.849,-10.997,0,True,0,0,0,0,0.0,True
mobley_4465023,C(=C\Cl)\Cl,"(Z)-1,2-dichloroethylene",,-1.17,0.6,1.156,-1.10162,-1.58374,-1.49105,-1.23,-2.137,0,True,0,0,1,0,1.0,False
mobley_4479135,C=C(c1ccccc1)c2ccccc2,"1,1-diphenylethene",C=C(c1ccccc1)c1ccccc1,-2.78,0.1,-2.47,-3.43834,-2.6631,-2.90755,-2.6350000000000007,-5.049,0,True,0,0,0,0,0.5,True
mobley_4483973,c1ccc(cc1)F,fluorobenzene,c1ccccc1,-0.8,0.6,-0.041,-0.991966,-0.724339,-1.70512,-1.456,-2.7,0,False,2,0,0,0,1.0,False
mobley_4494568,Cc1ccc(cc1)Br,1-bromo-4-methyl-benzene,c1ccccc1,-1.39,0.6,-0.894,-1.61356,-1.08663,-1.50682,-0.7149999999999999,-2.147,0,True,0,0,0,0,1.0,False
mobley_4506634,[C@@H](C(F)(F)F)(Cl)Br,"2-bromo-2-chloro-1,1,1-trifluoro-ethane",,-0.11,0.6,0.206,-0.0680314,0.736852,-1.19719,-0.4490000000000003,-3.233,0,True,0,0,0,0,0.0,False
mobley_4553008,c1cc(ccc1Cl)Cl,"1,4-dichlorobenzene",c1ccccc1,-1.01,0.6,-0.19,-1.03525,-1.60231,-1.14908,-0.653,-2.029,0,False,2,1,0,0,1.0,False
mobley_4561957,CC(C)C(C)C,"2,3-dimethylbutane",,2.34,0.6,2.468,2.12143,2.04397,1.5672,2.731,1.3119999999999998,0,False,2,0,0,0,0.0,True
mobley_4584540,Cc1cccc(n1)C,"2,6-dimethylpyridine",c1ccncc1,-4.59,0.6,-3.443,-3.76755,-4.7434,-4.28572,-3.575,-5.167,0,True,0,0,2,0,1.0,True
mobley_4587267,C([C@H]([C@H]([C@@H]([C@@H](CO)O)O)O)O)O,"(2R,3R,4R,5R)-Hexan-1,2,3,4,5,6-hexol",,-23.62,0.32,-18.162,-20.4906,-22.5047,-31.9107,-22.823,-22.502,0,True,0,2,0,0,0.5,True
mobley_4603202,C(CCl)OCCCl,1-chloro-2-(2-chloroethoxy)ethane,,-4.23,0.2,-2.248,-4.72732,-4.98006,-4.83936,-5.005999999999999,-5.769,0,True,0,0,0,0,0.0,False
mobley_4609460,CCOC(=O)c1ccc(cc1)O,ethyl paraben,c1ccccc1,-9.2,0.3,-9.535,-8.09403,-9.61,-12.057,-10.594,-11.634,0,False,2,2,0,0,0.5,True
mobley_4613090,c1ccc(cc1)Cn2ccnc2,1-benzylimidazole,c1ccc(Cn2ccnc2)cc1,-7.63,0.12,-7.997,-9.20296,-9.17464,-8.85897,-9.493,-10.636,0,True,0,0,0,0,0.5,True
mobley_4620651,COC(=O)C1CC1,methyl cyclopropanecarboxylate,C1CC1,-4.1,0.6,-3.604,-4.24361,-3.8208,-4.72123,-5.077999999999999,-5.744,0,True,0,0,1,0,1.0,True
mobley_4630641,COCCOC,"1,2-dimethoxyethane",,-4.84,0.6,-3.103,-4.03237,-4.38188,-4.42806,-4.284000000000001,-4.612,0,True,0,0,2,0,0.0,True
mobley_4639255,C(CO)O,ethylene glycol,,-9.3,0.6,-7.266,-9.47761,-10.2154,-13.8859,-10.744,-11.607,0,True,0,2,2,0,1.0,True
mobley_4678740,c1cc(cc(c1)C(F)(F)F)C(F)(F)F,m-bis(trifluoromethyl)benzene,c1ccccc1,1.07,0.2,-0.34,0.553735,-0.157097,-3.6782,-3.964,-6.793000000000001,0,True,0,1,0,0,0.0,False
mobley_4683624,CCCc1ccc(cc1)O,4-propylphenol,c1ccccc1,-5.21,0.69,-5.211,-4.05178,-5.12133,-7.05455,-4.915,-6.461,0,True,0,0,0,1,0.0,True
mobley_4687447,CCCOCCO,2-propoxyethanol,,-6.4,0.6,-3.94,-6.63104,-7.24782,-9.00201,-7.105999999999999,-7.712999999999999,0,True,0,0,0,0,0.0,True
mobley_468867,C1=C[C@@H]([C@@H]2[C@H]1[C@@]3(C(=C([C@]2(C3(Cl)Cl)Cl)Cl)Cl)Cl)Cl,heptachlor,C1=C[C@@H]2C3C=CC(C3)[C@@H]2C1,-2.55,0.1,-0.974,-2.89953,-1.93859,-0.774127,0.6020000000000003,-1.496,0,True,0,0,0,0,0.5,False
mobley_4690963,CCOCCOCC,"1,2-diethoxyethane",,-3.54,0.6,-3.42,-3.63535,-4.08958,-3.96239,-3.424,-3.822,0,True,0,0,0,0,0.0,True
mobley_4694328,CCCCCCCC=O,octanal,,-2.29,0.6,-2.57,-3.08679,-2.16333,-3.76334,-3.619,-5.239,0,True,0,0,1,0,0.0,True
mobley_4699732,C[C@@H](CCl)Cl,"1,2-dichloropropane",,-1.27,0.6,-0.265,-2.01044,-1.91256,-2.0394,-1.6229999999999998,-2.537,0,False,2,0,0,0,0.0,False
mobley_4715906,C[C@@H]1CCCC[C@@H]1C,"1,2-dimethylcyclohexane",C1CCCCC1,1.58,0.6,1.685,1.97013,2.0703,1.76431,2.971,1.521,0,True,0,0,2,0,1.0,True
mobley_4759887,CCCCCCCI,1-iodoheptane,,0.27,0.6,0.228,-0.363491,1.3506,-1.93516,0.1669999999999998,-1.245,0,True,0,0,2,0,0.0,False
mobley_4762983,CCCCCC=C,hept-1-ene,,1.66,0.6,2.761,1.54537,1.88402,1.35079,2.399,0.7079999999999999,0,False,2,0,0,0,0.0,True
mobley_4780078,Cc1ccc(c(c1)C)O,"2,4-dimethylphenol",c1ccccc1,-6.01,0.6,-4.98,-4.22686,-5.07957,-6.97794,-4.54,-6.242000000000001,0,True,0,0,0,0,1.0,True
mobley_4792268,CCCCC(=O)O,pentanoic acid,,-6.16,0.6,-9.053,-8.06405,-8.96362,-12.6951,-10.263,-11.085,0,True,0,0,0,0,1.0,True
mobley_4845722,c1(c(c(c(c(c1Cl)Cl)Cl)Cl)Cl)Cl,hexachlorobenzene,c1ccccc1,-2.33,1.16,0.379,-0.775936,0.740188,1.55517,3.367,1.513,0,True,0,0,0,1,0.5,False
mobley_4850657,CS(=O)(=O)Cl,methanesulfonyl chloride,,-4.87,0.6,-6.219,-3.91525,-9.34169,-9.87647,-10.664,-15.924,0,False,2,0,0,0,0.0,False
mobley_486214,COc1cccc(c1O)OC,"2,6-dimethoxyphenol",c1ccccc1,-6.96,0.1,-7.393,-6.4621,-8.77556,-9.9374,-7.790999999999999,-9.277,0,False,2,0,0,0,0.5,True
mobley_4883284,c1ccc(cc1)N,aniline,c1ccccc1,-5.49,0.6,-5.543,-7.43596,-5.40238,-4.7797,-5.353,-7.889,0,True,0,0,0,0,1.0,True
mobley_4884177,CCc1cccnc1,3-ethylpyridine,c1ccncc1,-4.59,0.6,-2.965,-4.44187,-4.41861,-4.3041,-3.963000000000001,-5.25,0,True,0,0,2,0,0.0,True
mobley_4893032,CCCCC#N,pentanenitrile,,-3.52,0.6,-2.147,-3.52263,-3.90089,-3.68186,-3.983,-4.622999999999999,0,True,0,0,0,0,0.0,True
mobley_4924862,CC(C)CCOC=O,isopentyl formate,,-2.13,0.6,-3.414,-3.78636,-3.46643,-4.73686,-5.235000000000001,-6.383,0,False,2,0,0,0,0.0,True
mobley_49274,CCCCCC#C,hept-1-yne,,0.6,0.6,0.639,1.02238,0.796587,0.371253,1.3310000000000002,-0.3599999999999999,0,True,0,1,2,0,0.0,True
mobley_4934872,CCOC(OCC)Oc1ccccc1,diethoxymethoxybenzene,c1ccccc1,-5.23,0.6,-5.203,-4.96861,-6.01361,-5.37755,-4.897000000000001,-5.564,0,True,0,0,0,0,0.0,True
mobley_4936555,Cc1cccc(c1C)Nc2ccccc2C(=O)O,"2-(2,3-dimethylphenyl)aminobenzoic acid",c1ccc(Nc2ccccc2)cc1,-6.78,0.1,-7.665,-9.44856,-9.0256,-12.9509,-10.766,-12.175,0,True,0,0,0,0,0.5,True
mobley_4964807,CC(=O)CO[N+](=O)[O-],nitroxyacetone,,-5.99,0.1,-5.362,-7.2725,-8.47186,-8.26693,-8.979,-9.502,0,True,0,1,0,0,0.5,True
mobley_4983965,CCSCC,ethylsulfanylethane,,-1.46,0.6,0.299,-1.17051,0.39826,-0.813754,-0.197,-1.3460000000000003,0,True,0,0,0,0,1.0,False
mobley_5003962,c1ccc2c(c1)C(=O)c3ccc(cc3C2=O)N,"2-amino-9,10-anthraquinone",O=C1c2ccccc2C(=O)c2ccccc21,-11.53,0.29,-13.895,-15.9538,-12.2513,-12.074,-14.322000000000005,-16.368000000000002,0,True,0,2,0,0,0.5,True
mobley_5006685,CC(=C)[C@H]1CCC(=CC1)C=O,4-(1-Methylethenyl)-1-cyclohexene-1-carboxaldehyde,C1=CCCCC1,-4.09,0.17,-3.591,-4.8502,-3.14276,-4.5464,-4.811999999999999,-6.16,0,True,0,0,0,0,0.5,True
mobley_5026370,c1cnccc1C#N,pyridine-4-carbonitrile,c1ccncc1,-6.02,0.6,-5.765,-8.4018,-8.31284,-7.36309,-8.478,-9.334,0,True,1,0,2,0,1.0,True
mobley_5052949,CCCSCCC,1-propylsulfanylpropane,,-1.28,0.6,0.64,-0.724745,1.02436,-0.220615,0.597,-0.7439999999999998,0,False,2,0,0,0,1.0,False
mobley_5056289,C[C@H]1CCCO1,2-methyltetrahydrofuran,C1CCOC1,-3.3,0.6,-1.984,-1.68205,-1.71277,-1.74864,-1.061,-1.562,0,True,0,1,0,0,0.0,True
mobley_5063386,c1ccc(c(c1)[N+](=O)[O-])O,2-nitrophenol,c1ccccc1,-4.58,0.6,-5.667,-6.84409,-10.1749,-11.2873,-9.325,-9.85,0,True,0,0,0,0,0.0,True
mobley_5072416,COc1ccccc1N,2-methoxyaniline,c1ccccc1,-6.12,0.6,-6.771,-8.0781,-6.82336,-5.84548,-6.319000000000001,-8.772,0,True,0,0,0,0,0.0,True
mobley_5076071,CCN(CC)c1c(cc(c(c1[N+](=O)[O-])N)C(F)(F)F)[N+](=O)[O-],"1-N,1-N-diethyl-2,6-dinitro-4-(trifluoromethyl)benzene-1,3-diamine",c1ccccc1,-5.66,1.93,-7.503,-5.56159,-6.99077,-5.75759,-6.7010000000000005,-7.481,0,True,0,0,0,1,0.5,False
mobley_5079234,CCCCCCCO,heptan-1-ol,,-4.21,0.6,-2.917,-2.61289,-2.59802,-4.58149,-2.223,-3.689,0,True,0,0,0,0,0.0,True
mobley_5094777,c1ccc2c(c1)CCC2,indane,c1ccc2c(c1)CCC2,-1.46,0.6,-1.752,-1.8133,-1.12808,-1.26337,-0.5060000000000002,-2.074,0,True,1,0,0,0,1.0,True
mobley_5110043,Cc1ccc2cc(ccc2c1)C,"2,6-dimethylnaphthalene",c1ccc2ccccc2c1,-2.63,0.6,-2.848,-2.44192,-2.39904,-2.45856,-1.809,-3.5250000000000004,0,True,0,0,1,0,1.0,True
mobley_511661,C=CC=C,butadiene,,0.56,0.2,1.955,-0.0290425,0.523721,-0.0848311,0.3790000000000002,-0.928,0,True,0,0,0,0,1.0,True
mobley_5123639,C[C@H](CC(C)C)O,4-methylpentan-2-ol,,-3.73,0.6,-2.907,-2.67156,-2.61162,-4.23835,-2.3150000000000004,-3.48,0,True,0,1,2,0,0.0,True
mobley_5157661,CC(C)C,isobutane,,2.3,0.2,2.535,1.84093,1.75318,1.27798,2.301,1.061,0,True,0,0,0,0,1.0,True
mobley_5200358,CC(C)(/C=N\OC(=O)NC)SC,aldicarb,,-9.84,0.1,-9.679,-11.6594,-9.03768,-10.2508,-11.128,-11.571,0,True,1,2,1,0,0.5,False
mobley_5220185,CCc1cnccn1,2-ethylpyrazine,c1cnccn1,-5.45,0.6,-5.809,-7.24029,-7.14591,-6.97596,-7.269,-8.649000000000001,0,True,0,0,0,0,0.0,True
mobley_525934,CS,methanethiol,,-1.2,0.2,-0.273,-2.03832,-0.364978,-2.43745,-1.803,-2.368,0,True,1,0,0,0,1.0,False
mobley_5263791,CCc1cccc2c1cccc2,1-ethylnaphthalene,c1ccc2ccccc2c1,-2.4,0.6,-2.961,-2.44867,-2.47181,-2.50642,-1.8090000000000008,-3.678,0,True,0,0,1,0,0.0,True
mobley_52782,C(CO[N+](=O)[O-])O[N+](=O)[O-],"1,2-dinitroxyethane",,-5.73,0.1,-6.227,-5.40157,-7.8555,-5.15276,-5.475,-6.087,0,True,0,0,0,0,0.5,True
mobley_5282042,CN(C)CCC=C1c2ccccc2CCc3c1cccc3,Amitriptyline,C=C1c2ccccc2CCc2ccccc21,-7.43,0.6,-7.349,-6.95223,-5.62005,-4.79824,-4.373,-4.827999999999999,0,False,2,0,0,0,0.5,True
mobley_5286200,C(CCCl)CCl,"1,4-dichlorobutane",,-2.32,0.6,-0.404,-2.26542,-1.73982,-1.93868,-1.448,-2.343,0,True,0,0,0,0,0.0,False
mobley_5310099,CCCCC=C,hex-1-ene,,1.58,0.6,2.628,1.36726,1.66878,1.14342,2.1020000000000003,0.5449999999999999,0,True,0,0,0,0,0.0,True
mobley_5311804,c1ccc(cc1)CO,phenylmethanol,c1ccccc1,-6.62,0.6,-5.133,-5.99835,-6.42277,-8.36593,-6.402999999999999,-7.995999999999999,0,True,0,0,0,0,0.0,True
mobley_5326154,CN(C)c1ccccc1,"N,N-dimethylaniline",c1ccccc1,-3.45,0.6,-4.426,-5.18983,-3.48933,-3.86472,-3.732,-4.517,0,True,1,0,0,0,0.0,True
mobley_5346580,CC(=O)C(C)(C)C,"3,3-dimethylbutan-2-one",,-3.11,0.6,-3.234,-4.00999,-2.79663,-4.27714,-4.029999999999999,-5.052,0,True,0,0,0,0,0.0,True
mobley_5347550,COC(C(Cl)Cl)(F)F,"2,2-dichloro-1,1-difluoro-1-methoxy-ethane",,-1.12,0.6,-0.685,-0.751287,-1.10932,-2.10595,-1.886,-3.349,0,True,0,0,0,0,0.0,False
mobley_5371840,c1ccc2c(c1)Oc3ccc(cc3O2)Cl,2-chlorodibenzo-p-dioxin,c1ccc2c(c1)Oc1ccccc1O2,-3.1,0.1,-4.054,-3.24536,-5.5931,-3.96696,-3.553,-5.35,0,True,0,0,0,0,0.5,False
mobley_5390332,CCCC(=O)OC,methyl butanoate,,-2.83,0.6,-3.552,-3.96124,-3.39293,-4.35566,-4.479,-5.368,0,True,0,0,2,0,1.0,True
mobley_5393242,CCOP(=S)(OCC)Oc1cc(nc(n1)C(C)C)C,diazinon,c1cncnc1,-6.48,0.13,-10.753,-12.9153,-10.7023,-11.2655,-12.322,-12.66,0,True,0,0,2,0,0.5,False
mobley_5445548,CC(C)c1ccccc1,cumene,c1ccccc1,-0.3,0.6,-0.674,-1.35867,-0.523025,-0.882417,-0.1110000000000002,-1.856,0,True,1,0,0,0,0.0,True
mobley_5449201,CCCCC,n-pentane,,2.3,0.2,2.673,2.03667,1.98138,1.50906,2.637,1.249,0,True,0,0,0,0,0.0,True
mobley_5456566,c1(c(c(c(c(c1Cl)Cl)Cl)Cl)Cl)c2c(c(c(c(c2Cl)Cl)Cl)Cl)Cl,"1,2,3,4,5-pentachloro-6-(2,3,4,5,6-pentachlorophenyl)benzene",c1ccc(-c2ccccc2)cc1,-2.98,1.0,0.76,-1.83896,0.646113,2.28553,4.954,2.17,0,False,2,1,1,1,0.5,False
mobley_5467162,CC(C)(C)c1ccc(cc1)O,4-tert-butylphenol,c1ccccc1,-5.91,0.6,-5.543,-4.0599,-4.97685,-6.95982,-4.756,-6.227,0,True,0,0,0,0,0.0,True
mobley_5471704,CC(C)CCOC(=O)C,isopentyl acetate,,-2.21,0.6,-3.067,-4.05435,-3.06409,-4.14534,-4.138,-4.938,0,False,2,0,2,0,0.0,True
mobley_547634,Cc1cc2ccccc2cc1C,"2,3-dimethylnaphthalene",c1ccc2ccccc2c1,-2.78,0.6,-2.953,-2.45314,-2.53649,-2.57393,-1.911,-3.603,0,True,0,0,1,0,1.0,True
mobley_5494918,C(=C(F)F)(C(F)(F)F)F,"1,1,2,3,3,3-hexafluoroprop-1-ene",,2.93,0.6,2.305,3.26624,2.93803,-0.568504,0.0169999999999999,-3.103,0,True,1,1,2,0,0.0,False
mobley_5499659,Cn1ccnc1,1-methylimidazole,c1c[nH]cn1,-8.41,0.6,-6.282,-7.40458,-7.36834,-7.23743,-8.054,-8.355,0,True,0,2,0,0,1.0,True
mobley_550662,CC(OC)(OC)OC,"1,1,1-trimethoxyethane",,-4.42,0.6,-3.7,-4.41983,-5.45924,-5.22438,-4.341,-4.417,0,True,0,1,2,0,0.0,True
mobley_5510474,c1ccc2c(c1)Oc3c(c(c(c(c3Cl)Cl)Cl)Cl)O2,"1,2,3,4-tetrachlorodibenzo-p-dioxin",c1ccc2c(c1)Oc1ccccc1O2,-3.81,0.14,-2.775,-2.61967,-3.16477,-1.36151,-0.1439999999999992,-2.192,0,True,1,0,0,0,0.5,False
mobley_5518547,Cc1ccc(cc1)N,4-methylaniline,c1ccccc1,-5.57,0.6,-5.494,-7.02499,-5.08095,-4.44717,-4.956,-7.390000000000001,0,True,0,0,0,0,1.0,True
mobley_5520946,c1ccc(cc1)S,benzenethiol,c1ccccc1,-2.55,0.6,-1.501,-2.84112,-1.75492,-3.28945,-2.4730000000000003,-3.727,0,True,0,0,0,0,1.0,False
mobley_5538249,c1ccc(cc1)c2c(cc(cc2Cl)Cl)Cl,"1,3,5-trichloro-2-phenyl-benzene",c1ccc(-c2ccccc2)cc1,-2.16,0.1,-1.151,-2.12882,-2.3234,-1.45612,-0.6160000000000005,-3.022,0,True,0,1,1,0,0.5,False
mobley_5561855,c1cc(c(c(c1)Cl)c2c(cc(cc2Cl)Cl)Cl)Cl,"1,3,5-trichloro-2-(2,6-dichlorophenyl)benzene",c1ccc(-c2ccccc2)cc1,-1.96,0.1,-0.477,-2.31379,-2.87056,-1.41942,-0.399,-2.5409999999999995,0,True,1,1,1,0,0.5,False
mobley_5571660,Cc1cccc(c1N)C,"2,6-dimethylaniline",c1ccccc1,-5.21,0.6,-5.57,-6.35824,-5.00541,-4.27309,-4.534,-6.796,0,True,0,0,0,0,1.0,True
mobley_5600967,CN(C)C(=O)c1ccc(cc1)OC,"4-methoxy-N,N-dimethyl-benzamide",c1ccccc1,-11.01,0.6,-9.625,-9.86814,-9.22382,-10.2653,-11.153,-11.794,0,False,2,2,0,0,0.0,True
mobley_5616693,C[C@@H]1CC[C@H](C(=O)C1)C(C)C,"(2S,5R)-2-isopropyl-5-methylcyclohexanone",O=C1CCCCC1,-2.53,0.25,-3.523,-3.17761,-1.84565,-3.09273,-2.486,-3.886,0,True,0,0,1,0,0.5,True
mobley_5627459,CC(C)C=O,2-methylpropanal,,-2.86,0.6,-2.968,-3.84861,-2.85653,-4.4011,-4.654,-5.672000000000001,0,True,0,0,0,0,0.0,True
mobley_5631798,N,ammonia,,-4.29,0.6,-4.018,-2.26822,-5.34968,-4.41224,-6.102,-8.401,0,True,0,0,0,0,1.0,True
mobley_5665561,Cc1cc(c2ccccc2c1)C,"1,3-dimethylnaphthalene",c1ccc2ccccc2c1,-2.47,0.6,-2.995,-2.45249,-2.49026,-2.52906,-1.846,-3.5390000000000006,0,True,0,0,1,0,1.0,True
mobley_5690766,C=CCCC=C,"hexa-1,5-diene",,1.01,0.6,2.487,0.582552,1.24393,0.636638,1.297,-0.4690000000000001,0,True,1,0,0,0,0.0,True
mobley_5692472,CNC,N-methylmethanamine,,-4.29,0.6,-2.991,-4.21546,-3.15466,-2.52441,-2.982,-3.884,0,True,0,0,0,0,1.0,True
mobley_5708811,COc1c(ccc(c1C(=O)O)Cl)Cl,dicamba,c1ccccc1,-9.86,1.93,-8.658,-7.32265,-9.63719,-12.8683,-10.151,-11.039,0,True,0,2,0,1,0.5,False
mobley_5732611,Cc1c[nH]cn1,4-methyl-1H-imidazole,c1c[nH]cn1,-10.27,0.6,-8.205,-8.31906,-9.3376,-8.7672,-9.658,-10.257,0,True,0,2,0,0,1.0,True
mobley_5747188,Cc1ccccc1[N+](=O)[O-],1-methyl-2-nitro-benzene,c1ccccc1,-3.58,0.6,-3.133,-3.14437,-4.33727,-3.32389,-3.339,-4.087,0,True,0,0,0,0,0.0,True
mobley_5747981,COCC(OC)(OC)OC,"1,1,1,2-tetramethoxyethane",,-5.73,0.6,-5.436,-6.6826,-8.18555,-7.82748,-6.954000000000001,-7.045,0,False,2,0,0,0,0.0,True
mobley_5759258,CCCCCO,pentan-1-ol,,-4.57,0.6,-3.054,-2.95796,-3.01855,-4.99051,-2.791,-4.022,0,True,0,0,0,0,0.0,True
mobley_5760563,COS(=O)(=O)OC,dimethyl sulfate,,-5.1,0.6,-8.411,-1.46934,-7.4398,-7.91233,-10.914,-16.317,0,True,0,0,0,0,0.0,False
mobley_5816127,COCCO,2-methoxyethanol,,-6.619999999999999,0.4,-4.686,-6.97516,-7.53624,-9.46464,-7.798999999999999,-8.323,0,False,2,0,0,0,1.0,True
mobley_5852491,CC1CCCC1,methylcyclopentane,C1CCCC1,1.59,0.6,1.785,1.71301,1.78368,1.47667,2.572,1.233,0,True,0,0,0,0,1.0,True
mobley_5857,c1ccc2c(c1)cccn2,quinoline,c1ccc2ncccc2c1,-5.72,0.6,-4.989,-5.37233,-6.34872,-5.66288,-5.577,-7.087000000000001,0,False,2,1,0,0,1.0,True
mobley_5880265,CCCCOCCO,2-butoxyethanol,,-6.25,0.6,-3.85,-6.45394,-7.03698,-8.78961,-6.7780000000000005,-7.503,0,True,0,0,0,0,0.0,True
mobley_588781,CCCCCCc1ccccc1,hexylbenzene,c1ccccc1,-0.04,0.6,-0.1,-0.916423,0.145959,-0.242811,0.81,-1.379,0,True,0,0,0,0,0.0,True
mobley_5890803,CCCOC(=O)CC,propyl propanoate,,-2.44,0.6,-2.453,-3.38294,-2.57108,-3.3485,-3.0940000000000003,-4.085000000000001,0,True,1,0,1,0,1.0,True
mobley_590519,CCSSCC,ethyldisulfanylethane,,-1.64,0.6,-0.979,-2.95833,-0.752234,-2.37476,-2.0940000000000003,-2.961,0,True,0,0,0,0,0.0,False
mobley_5917842,Cc1ccc(c(c1)OC)O,4-methyl-2-methoxyphenol,c1ccccc1,-5.8,0.1,-4.547,-4.52901,-5.89725,-7.25083,-5.224,-6.52,0,True,0,0,0,0,0.5,True
mobley_5935995,CCC(C)(C)C,"2,2-dimethylbutane",,2.51,0.6,2.495,2.08246,2.04738,1.55738,2.723,1.311,0,True,0,0,0,0,0.0,True
mobley_5948990,c1ccc(c(c1)N)[N+](=O)[O-],2-nitroaniline,c1ccccc1,-7.37,0.6,-7.66,-9.31744,-8.65508,-6.46147,-7.679,-9.009,0,True,0,0,0,0,0.0,True
mobley_5952846,C(=C(Cl)Cl)(Cl)Cl,"1,1,2,2-tetrachloroethylene",,0.1,0.6,1.328,-0.0258683,1.03342,1.17203,2.512,1.104,0,True,0,0,2,0,1.0,False
mobley_5973402,CC(C)CCO,3-methylbutan-1-ol,,-4.42,0.6,-3.237,-3.03197,-3.09007,-5.04426,-2.877,-4.03,0,True,0,0,1,0,0.0,True
mobley_5977084,Cc1cccnc1,3-methylpyridine,c1ccncc1,-4.77,0.6,-3.221,-4.75852,-4.72064,-4.58944,-4.424,-5.621,0,True,0,0,2,0,1.0,True
mobley_6006813,CCCC[N+](=O)[O-],1-nitrobutane,,-3.09,0.6,-1.449,-2.05568,-2.46107,-1.80133,-1.41,-2.053,0,True,0,0,1,0,0.0,True
mobley_6055410,c1cc(c(cc1c2ccc(cc2F)F)C(=O)O)O,diflunisal,c1ccc(-c2ccccc2)cc1,-9.4,0.2,-6.613,-10.4331,-13.4876,-20.6653,-16.104,-17.086000000000002,0,True,0,2,1,0,0.5,False
mobley_6060301,CCCCCCN,hexan-1-amine,,-3.95,0.6,-2.772,-2.01089,-0.380633,-0.0524986,0.2510000000000003,-2.552,0,False,2,1,0,0,0.0,True
mobley_6081058,CCCCC/C=C/C=O,oct-2-enal,,-3.43,0.6,-2.706,-4.08178,-2.97766,-4.66305,-4.801,-6.203999999999999,0,True,0,0,0,0,0.0,True
mobley_6082662,c1cc(ccc1N)N(=O)=O,4-nitroaniline,c1ccccc1,-9.82,0.1,-9.416,-11.168,-9.72809,-7.36811,-9.199,-10.174,0,True,0,2,0,0,0.0,True
mobley_6091882,C=C,ethylene,,1.28,0.6,2.328,0.560075,0.821829,0.267271,0.8170000000000001,-0.247,0,True,0,0,0,0,1.0,True
mobley_6102880,c1ccc(cc1)Oc2ccccc2,diphenyl ether,c1ccc(Oc2ccccc2)cc1,-2.87,0.69,-2.81,-3.52784,-4.02958,-3.65185,-3.373,-5.365,0,True,1,0,2,1,0.5,True
mobley_6115639,COP(=O)(OC)OC,trimethyl phosphate,,-8.7,0.1,-10.642,-8.41274,-11.8161,-11.2303,-14.578,-15.351,0,True,0,2,1,0,0.0,False
mobley_6175884,Cc1ccc(cc1)C=O,4-methylbenzaldehyde,c1ccccc1,-4.27,0.6,-5.014,-5.7769,-5.00532,-6.35534,-6.894,-8.328,0,True,0,0,0,0,1.0,True
mobley_6190089,C(C(Cl)Cl)(Cl)Cl,"1,1,2,2-tetrachloroethane",,-2.37,0.1,-0.534,-1.89237,-2.18176,-1.78798,-1.0229999999999997,-2.971,0,True,0,0,2,0,0.0,False
mobley_6195751,COc1c(c(c(c(c1Cl)C=O)Cl)OC)O,"2,6-dichlorosyringaldehyde",c1ccccc1,-8.68,0.76,-9.846,-7.94373,-9.88973,-11.7117,-10.445,-12.3,0,True,0,2,0,0,0.5,False
mobley_6198745,CC(=O)OCC(COC(=O)C)OC(=O)C,"2,3-diacetoxypropyl acetate",,-8.84,0.2,-12.333,-14.6721,-12.6393,-14.6284,-17.582,-16.936,0,True,0,2,0,0,0.5,True
mobley_6201330,CCCOC(=O)c1ccc(cc1)O,propyl paraben,c1ccccc1,-9.37,0.22,-8.945,-7.27326,-8.57705,-10.9582,-9.172999999999998,-10.51,0,True,0,2,0,0,0.5,True
mobley_6232400,c1cc(cnc1)C=O,pyridine-3-carbaldehyde,c1ccncc1,-7.1,0.6,-7.425,-9.07725,-8.3462,-9.43304,-10.541,-12.053,0,True,0,0,2,0,1.0,True
mobley_6235784,CC[C@H](C)Cl,2-chlorobutane,,0.0,0.6,0.927,-0.309177,-0.0453705,-0.425669,0.3170000000000001,-0.683,0,True,0,0,0,0,0.0,False
mobley_6239320,c1(=O)[nH]c(=O)[nH]c(=O)[nH]1,cyanuric acid,O=c1[nH]c(=O)[nH]c(=O)[nH]1,-18.06,0.27,-21.762,-20.3393,-17.6828,-20.9376,-25.772,-25.222,0,True,0,2,0,0,0.5,True
mobley_6248915,CCCCCCCCN,octan-1-amine,,-3.65,0.6,-2.589,-1.73271,-0.00730733,0.32871,0.7829999999999999,-2.282,0,False,2,1,0,0,0.0,True
mobley_6250025,CCCCCCI,1-iodohexane,,0.08,0.6,0.043,-0.495998,1.14509,-2.14271,-0.1469999999999998,-1.411,0,True,0,0,2,0,0.0,False
mobley_6257907,c1cc(cc(c1)Cl)N,3-chloroaniline,c1ccccc1,-5.82,0.6,-5.138,-7.4338,-5.54474,-4.44427,-5.164999999999999,-7.257,0,True,0,1,0,0,1.0,False
mobley_6266306,C1CNC1,azetidine,C1CNC1,-5.56,0.6,-3.861,-4.82283,-5.73852,-3.62564,-4.172000000000001,-4.647,0,True,1,0,1,0,1.0,True
mobley_627267,CC(C)CBr,1-bromo-2-methyl-propane,,-0.03,0.6,0.756,-0.373348,0.523229,-0.486426,0.752,-0.2749999999999999,0,True,0,1,0,0,0.0,False
mobley_628086,C[C@@H](C(F)(F)F)O,"1,1,1-trifluoropropan-2-ol",,-4.16,0.6,-3.518,-3.36503,-4.17257,-8.58654,-6.69,-7.478999999999999,0,True,1,0,0,0,0.0,False
mobley_628951,c1cc(c(c(c1)Cl)c2c(cccc2Cl)Cl)Cl,"1,3-dichloro-2-(2,6-dichlorophenyl)benzene",c1ccc(-c2ccccc2)cc1,-2.28,0.12,-1.226,-2.94683,-3.74514,-2.47743,-1.7270000000000003,-3.692,0,True,0,1,1,0,0.5,False
mobley_6303022,CCc1ccncc1,4-ethylpyridine,c1ccncc1,-4.73,0.6,-3.19,-4.39326,-4.54803,-4.41619,-4.171,-5.551,0,True,0,1,2,0,0.0,True
mobley_6309289,C1CCNCC1,piperidine,C1CCNCC1,-5.11,0.6,-3.873,-3.51283,-2.89253,-1.79779,-1.7490000000000006,-2.382,0,True,0,0,0,0,1.0,True
mobley_632905,CC(=O)c1ccc(cc1)OC,1-(4-methoxyphenyl)ethanone,c1ccccc1,-4.4,0.6,-6.575,-7.48135,-7.34625,-8.14889,-8.787,-9.742,0,True,1,0,0,0,0.0,True
mobley_6334915,COP(=O)([C@H](C(Cl)(Cl)Cl)O)OC,"(1R)-2,2,2-trichloro-1-dimethoxyphosphoryl-ethanol",,-12.74,1.93,-13.424,-7.95879,-11.992,-13.2602,-13.709,-15.464,0,True,0,2,0,1,0.5,False
mobley_6338073,CCNc1nc(nc(n1)SC)NC(C)(C)C,terbutryn,c1ncncn1,-6.68,0.42,-9.271,-11.6166,-8.93484,-6.99295,-7.673999999999999,-7.584,0,True,0,0,2,0,0.5,False
mobley_6353617,CC(=O)c1cccnc1,1-(3-pyridyl)ethanone,c1ccncc1,-8.26,0.6,-7.844,-9.67242,-8.45328,-9.31718,-10.06,-11.283,0,True,0,2,2,0,1.0,True
mobley_6358463,c1ccc(c(c1)C(F)(F)F)C(F)(F)F,"1,2-bis(trifluoromethyl)benzene",c1ccccc1,1.07,0.6,-1.441,-0.747642,-1.91092,-4.18765,-4.835,-6.631,0,True,0,0,0,0,0.5,False
mobley_6359135,C(Cl)(Cl)(Cl)Cl,carbon tetrachloride,,0.08,0.6,1.185,-0.0175543,0.944102,0.889087,2.18,0.06,0,False,2,0,1,0,1.0,False
mobley_6359156,c1ccc(cc1)c2cc(ccc2Cl)Cl,"1,4-dichloro-2-phenyl-benzene",c1ccc(-c2ccccc2)cc1,-2.46,0.1,-1.903,-2.38553,-2.6889,-2.05887,-1.585,-3.695,0,True,0,0,1,0,0.5,False
mobley_63712,CN1CCCCC1,1-methylpiperidine,C1CCNCC1,-3.88,0.6,-3.467,-2.276,-1.96277,-1.37861,-0.8540000000000001,0.046,0,True,0,0,0,0,0.0,True
mobley_637522,c1ccc2cc3ccccc3cc2c1,anthracene,c1ccc2cc3ccccc3cc2c1,-3.95,0.6,-5.187,-4.00062,-4.55744,-4.28396,-3.889,-5.886,0,True,1,0,0,0,1.0,True
mobley_6416775,CCCC1CCCC1,propylcyclopentane,C1CCCC1,2.13,0.6,2.102,2.08376,2.20358,1.87808,3.112,1.593,0,True,0,0,0,0,0.0,True
mobley_6430250,CCCc1ccccc1,propylbenzene,c1ccccc1,-0.53,0.6,-0.511,-1.44733,-0.48298,-0.837893,-0.0539999999999998,-1.884,0,True,0,0,0,0,0.0,True
mobley_6456034,CC(C)COC(=O)C(C)C,isobutyl 2-methylpropanoate,,-1.69,0.6,-2.58,-3.224,-2.21412,-3.1319,-2.68,-3.98,0,True,0,0,0,0,0.0,True
mobley_646007,C1CCNC1,pyrrolidine,C1CCNC1,-5.48,0.6,-4.278,-4.06498,-3.4979,-2.50591,-2.715,-2.976,0,True,0,0,0,0,1.0,True
mobley_6474572,C=CCl,chloroethylene,,-0.59,0.6,1.162,-0.4542,-0.467877,-0.695877,-0.3889999999999998,-1.2310000000000003,0,True,0,1,0,0,1.0,False
mobley_6497672,C/C=C/C=O,but-2-enal,,-4.22,0.6,-3.341,-4.8462,-3.93168,-5.57162,-6.26,-7.039,0,True,0,0,2,0,1.0,True
mobley_6522117,CCOP(=O)(OCC)O/C(=C/Cl)/c1ccc(cc1Cl)Cl,"2-chloro-1-(2,4-dichlorophenyl)ethenyl diethyl phosphate",c1ccccc1,-7.07,1.37,-9.029,-8.34572,-10.6511,-8.8925,-9.804,-12.452,0,True,0,0,0,1,0.5,False
mobley_6571751,CC1=CCCCC1,1-methylcyclohexene,C1=CCCCC1,0.67,0.6,1.338,0.918688,1.21238,0.958615,1.997,0.5519999999999999,0,True,1,0,0,0,1.0,True
mobley_6619554,CCCCC(=O)OCC,ethyl pentanoate,,-2.49,0.6,-3.11,-3.59584,-2.75453,-3.67409,-3.4330000000000003,-4.543,0,True,0,0,1,0,1.0,True
mobley_6620221,CC1(Cc2cccc(c2O1)OC(=O)NC)C,carbofuran,c1ccc2c(c1)CCO2,-9.61,0.3,-11.126,-9.77777,-10.4759,-10.376,-10.659,-12.03,0,True,0,2,0,0,0.5,True
mobley_6632459,CCC=O,propanal,,-3.43,0.6,-3.148,-4.03153,-3.24306,-4.80352,-5.252000000000001,-6.194,0,True,0,0,0,0,1.0,True
mobley_664966,C(I)I,diiodomethane,,-2.49,0.6,-1.882,-2.02475,-0.0667414,-4.11194,-2.699,-3.938,0,True,1,0,0,0,1.0,False
mobley_667278,c1cc(c(c(c1c2cc(c(c(c2Cl)Cl)Cl)Cl)Cl)Cl)Cl,"1,2,3,4-tetrachloro-5-(2,3,4-trichlorophenyl)benzene",c1ccc(-c2ccccc2)cc1,-4.4,0.1,-0.805,-2.67083,-2.03529,-0.236348,1.4,-0.923,0,True,0,0,1,0,0.5,False
mobley_6688723,COc1c(cc(c(c1O)OC)Cl)Cl,"3,5-dichloro-2,6-dimethoxyphenol",c1ccccc1,-6.44,0.38,-5.98,-5.33646,-7.64047,-8.32637,-6.093,-7.752,0,True,0,0,0,0,0.5,False
mobley_6714389,CN,methanamine,,-4.55,0.6,-3.583,-3.66075,-2.02662,-1.68511,-1.727,-4.327999999999999,0,True,0,0,0,0,1.0,True
mobley_6727159,C(CO[N+](=O)[O-])O,2-(nitrooxy)ethan-1-ol,,-8.18,0.1,-6.676,-7.54544,-9.17524,-10.0397,-8.548,-8.745,0,True,0,2,0,0,0.5,True
mobley_6733657,C1[C@H]([C@@H]2[C@H]([C@H]1Cl)[C@]3(C(=C([C@@]2(C3(Cl)Cl)Cl)Cl)Cl)Cl)Cl,chlordane,C1=CC2CC1[C@H]1CCC[C@@H]21,-3.44,0.1,-3.23,-4.42161,-3.01885,-1.65585,0.1219999999999998,-2.165,0,False,2,0,0,0,0.5,False
mobley_6739648,C1COCCO1,"1,4-dioxane",C1COCCO1,-5.06,0.6,-4.269,-3.8638,-4.27852,-3.99979,-4.201,-3.691,0,False,2,0,0,0,1.0,True
mobley_6743808,Cc1ccc(cc1C)O,"3,4-dimethylphenol",c1ccccc1,-6.5,0.6,-5.471,-4.32605,-5.20607,-7.10218,-4.948,-6.285,0,True,0,0,0,0,1.0,True
mobley_676247,C(F)(F)(F)F,tetrafluoromethane,,3.12,0.6,2.489,2.81522,2.64568,-0.0384113,0.5920000000000001,-3.3639999999999994,0,True,0,0,0,0,1.0,False
mobley_6794076,CC(=O)c1ccncc1,1-(4-pyridyl)ethanone,c1ccncc1,-7.62,0.6,-7.566,-9.78961,-8.7282,-9.4543,-10.257,-11.429,0,True,0,0,2,0,1.0,True
mobley_6804509,c1c(c(cc(c1Cl)Cl)Cl)Cl,"1,2,4,5-tetrachlorobenzene",c1ccccc1,-1.34,0.6,0.035,-0.945363,-0.815437,0.0241695,1.104,-0.5480000000000003,0,True,0,1,0,0,1.0,False
mobley_6812653,CCCCCC,hexane,,2.48,0.6,2.851,2.20942,2.18986,1.7104,2.9330000000000003,1.411,0,True,1,0,2,0,0.0,True
mobley_6843802,c1ccc(cc1)O[C@@H](C(F)F)F,"1,2,2-trifluoroethoxybenzene",c1ccccc1,-1.29,0.6,-3.043,-3.13015,-3.30647,-5.97854,-6.5280000000000005,-8.149000000000001,0,True,0,0,0,0,0.0,False
mobley_6854178,CC(C)OC=O,isopropyl formate,,-2.02,0.6,-3.591,-4.02851,-3.71982,-4.93234,-5.589,-6.472,0,True,0,0,0,0,1.0,True
mobley_6861308,CN(C)C(=O)Nc1ccccc1,fenuron,c1ccccc1,-9.13,1.93,-11.81,-10.6909,-9.06243,-9.74499,-10.746,-11.928,0,True,0,2,0,1,0.5,True
mobley_6896128,CCCC[C@@H](C)CC,3-methylheptane,,2.97,0.6,3.03,2.517,2.51909,2.03141,3.3760000000000003,1.6900000000000002,0,True,0,0,2,0,0.0,True
mobley_6911232,CCOC,methoxyethane,,-2.1,0.6,-0.71,-1.12666,-1.29096,-1.52969,-1.0179999999999998,-1.728,0,False,2,0,0,0,0.0,True
mobley_6917738,COCCN,2-methoxyethanamine,,-6.55,0.6,-5.027,-4.55638,-3.13285,-2.65073,-2.7910000000000004,-4.715,0,True,0,0,0,0,0.0,True
mobley_6929123,COC(=O)CCl,methyl 2-chloroacetate,,-4.0,0.6,-3.816,-5.07933,-5.01888,-5.70713,-6.248000000000001,-7.220999999999999,0,False,2,0,1,0,1.0,False
mobley_6935906,CC(=CCC[C@](C)(C=C)OC(=O)C)C,"(3R)-3,7-Dimethylocta-1,6-dien-3-yl acetate",,-2.49,0.85,-2.964,-4.18431,-3.13728,-4.149,-3.560999999999999,-5.132,0,True,1,0,0,1,0.5,True
mobley_6973347,CCOC(=O)C,ethyl acetate,,-2.94,0.6,-3.745,-4.96173,-3.94968,-5.06006,-5.478000000000001,-5.947,0,True,0,0,1,0,0.0,True
mobley_6978427,COC(=O)C1CCCCC1,methyl cyclohexanecarboxylate,C1CCCCC1,-3.3,0.6,-4.376,-3.55544,-2.90341,-3.63044,-3.296,-4.486000000000001,0,True,0,1,2,0,1.0,True
mobley_6981465,CC(C)OC(=O)C,isopropyl acetate,,-2.64,0.6,-3.371,-4.27277,-3.45626,-4.49689,-4.71,-5.2170000000000005,0,True,0,0,0,0,1.0,True
mobley_6988468,CCc1ccccn1,2-ethylpyridine,c1ccncc1,-4.33,0.6,-3.31,-3.98696,-4.63614,-4.24317,-3.636,-5.433,0,False,2,1,2,0,0.0,True
mobley_7009711,Cc1cc(cc(c1)O)C,"3,5-dimethylphenol",c1ccccc1,-6.27,0.6,-5.444,-4.33492,-5.40789,-7.41603,-5.231,-6.556000000000001,0,True,0,1,0,0,1.0,True
mobley_7010316,C1CCC(CC1)O,cyclohexanol,C1CCCCC1,-5.46,0.6,-4.178,-3.29876,-3.13974,-4.57938,-2.775,-3.829,0,True,0,0,2,0,1.0,True
mobley_7015518,COC,methoxymethane,,-1.91,0.6,-0.853,-1.59324,-1.73128,-2.02335,-1.775,-2.3310000000000004,0,True,0,0,1,0,1.0,True
mobley_7017274,c1ccc2c(c1)ccc3c2cccc3,phenanthrene,c1ccc2c(c1)ccc1ccccc12,-3.88,0.6,-5.264,-4.09531,-4.69257,-4.37757,-3.955,-5.975,0,True,0,0,0,0,1.0,True
mobley_7039935,c1ccc2c(c1)cccc2O,naphthalen-1-ol,c1ccc2ccccc2c1,-7.67,0.6,-7.137,-5.78865,-7.10313,-8.81673,-6.529,-8.375,0,True,0,0,1,0,1.0,True
mobley_7047032,CC(C)(C)Cl,2-chloro-2-methyl-propane,,1.09,0.6,0.826,-0.324473,-0.213058,-0.643195,0.104,-0.8719999999999999,0,True,0,0,2,0,1.0,False
mobley_7066554,c1cc(ccc1O)Cl,4-chlorophenol,c1ccccc1,-7.03,0.6,-5.373,-4.38936,-6.21981,-7.89814,-5.890000000000001,-7.147,0,True,0,0,0,0,1.0,False
mobley_7099614,C=CCCl,3-chloroprop-1-ene,,-0.57,0.6,0.944,-1.17006,-0.680189,-0.997857,-0.6890000000000001,-1.577,0,True,0,0,0,0,0.0,False
mobley_7106722,CCCC(C)C,isohexane,,2.51,0.6,2.808,2.17726,2.1352,1.65266,2.838,1.372,0,True,0,0,0,0,0.0,True
mobley_7142697,CCCCCN,pentan-1-amine,,-4.09,0.6,-2.835,-2.17623,-0.561779,-0.218264,-0.0139999999999997,-2.675,0,True,0,0,0,0,0.0,True
mobley_7150646,c1cc(ccc1Br)Br,"1,4-dibromobenzene",c1ccccc1,-2.3,0.6,-1.091,-2.04844,-1.08425,-1.50181,-0.5670000000000002,-2.049,0,True,1,0,0,0,1.0,False
mobley_7157427,CCCCCCCCl,1-chloroheptane,,0.29,0.6,1.467,0.36432,0.714926,0.314957,1.382,-0.0609999999999999,0,True,0,1,0,0,0.0,False
mobley_7176248,CCCN(CCC)c1c(cc(cc1[N+](=O)[O-])C(F)(F)F)[N+](=O)[O-],trifluralin,c1ccccc1,-3.25,0.1,-2.023,-2.21483,-2.57626,-2.33635,-2.0380000000000003,-4.042,0,True,0,0,0,0,0.5,False
mobley_7176290,c1cc(cc(c1)O)[N+](=O)[O-],3-nitrophenol,c1ccccc1,-9.62,0.6,-7.889,-5.79739,-8.49376,-9.37959,-7.481999999999999,-8.347999999999999,0,True,1,2,0,0,0.0,True
mobley_718988,CCCCCCCN,heptan-1-amine,,-3.79,0.6,-2.554,-1.67952,-0.0735249,0.193243,0.5760000000000001,-2.307,0,True,0,0,1,0,0.0,True
mobley_7200804,c1ccc(c(c1)O)F,2-fluorophenol,c1ccccc1,-5.29,0.6,-3.346,-2.76435,-3.36818,-6.50349,-4.508,-5.795999999999999,0,True,0,0,0,0,1.0,False
mobley_7203421,CCCCCC(=O)N,hexanamide,,-9.31,0.6,-8.103,-8.27591,-7.01392,-8.05697,-9.206,-9.978,0,True,0,2,1,0,0.0,True
mobley_7227357,CCC(CC)O,pentan-3-ol,,-4.35,0.6,-2.786,-2.15847,-1.80257,-3.12888,-1.854,-2.894,0,True,0,0,0,0,0.0,True
mobley_7239499,c1ccc2c(c1)Oc3cccc(c3O2)Cl,1-chlorodibenzo-p-dioxin,c1ccc2c(c1)Oc1ccccc1O2,-3.52,0.1,-4.473,-3.67465,-5.90534,-4.31899,-3.98,-5.697,0,True,0,0,0,0,0.5,False
mobley_7261305,NN,hydrazine,,-9.3,0.6,-6.508,-12.0564,-9.52375,-7.6484,-10.45,-12.834,0,True,0,2,0,0,0.0,True
mobley_7295828,COc1ccccc1,anisole,c1ccccc1,-2.45,0.6,-2.318,-3.21892,-3.51015,-3.4645,-3.136,-4.486,0,True,0,0,0,0,0.0,True
mobley_7298388,Cc1cccc(c1)[N+](=O)[O-],1-methyl-3-nitro-benzene,c1ccccc1,-3.45,0.6,-3.278,-3.08463,-4.12391,-3.06884,-3.13,-3.885,0,True,0,0,0,0,0.0,True
mobley_7326706,CCOP(=S)(OCC)Oc1c(cc(c(n1)Cl)Cl)Cl,chlorpyrifos,c1ccncc1,-5.04,0.21,-9.625,-9.57371,-9.24118,-10.4475,-11.559,-12.542,0,True,1,1,2,0,0.5,False
mobley_7326982,CC(C)O,propan-2-ol,,-4.74,0.6,-3.427,-3.35131,-3.41075,-5.04657,-3.475,-4.362,0,True,0,0,0,0,1.0,True
mobley_7360181,COC(C(F)(F)F)(OC)OC,"1,1,1-trifluoro-2,2,2-trimethoxyethane",,-0.8,0.2,-2.319,-2.39459,-2.7929,-3.97089,-4.132000000000001,-4.278,0,True,0,0,0,0,0.0,False
mobley_7364468,CC1=CC(=O)CC(C1)(C)C,"3,5,5-trimethylcyclohex-2-en-1-one",O=C1C=CCCC1,-5.18,1.37,-4.088,-4.69038,-3.41574,-4.88773,-4.994999999999999,-5.66,0,True,0,0,0,1,0.5,True
mobley_7375018,CCCCCCCCCC(=O)C,undecan-2-one,,-2.15,0.6,-2.201,-3.30037,-1.624,-3.13704,-2.4560000000000004,-4.265000000000001,0,True,0,0,0,0,0.0,True
mobley_7378987,Cn1cnc2c1c(=O)n(c(=O)n2C)C,caffeine,O=c1[nH]c(=O)c2[nH]cnc2[nH]1,-12.64,0.74,-17.621,-18.5631,-13.5082,-14.8973,-17.266,-18.377,0,True,0,2,0,0,0.5,True
mobley_7393673,COc1ccc(cc1)C(=O)OC,methyl 4-methoxybenzoate,c1ccccc1,-5.33,0.6,-6.462,-6.46522,-7.25259,-7.50223,-8.051,-9.067,0,False,2,0,0,0,0.5,True
mobley_7415647,CN(C)C(=O)c1ccc(cc1)[N+](=O)[O-],"N,N-dimethyl-4-nitro-benzamide",c1ccccc1,-11.95,0.6,-10.036,-9.75378,-9.88401,-9.72609,-10.673,-11.476,0,True,0,2,0,0,1.0,True
mobley_7417968,CCOCCOC(=O)C,2-ethoxyethyl acetate,,-5.31,0.1,-5.751,-6.76849,-6.13159,-6.89543,-7.59,-7.745999999999999,0,True,1,1,0,0,0.5,True
mobley_7455579,CC(C)COC=O,isobutyl formate,,-2.22,0.6,-3.458,-4.07404,-3.63069,-4.93698,-5.459000000000001,-6.554,0,True,0,0,0,0,0.0,True
mobley_7463408,CCC(=O)Nc1ccc(c(c1)Cl)Cl,"N-(3,4-dichlorophenyl)propanimidic acid",c1ccccc1,-7.78,1.93,-9.409,-8.66158,-7.21377,-7.17748,-7.450999999999999,-9.035,0,True,0,2,0,1,0.5,False
mobley_7463799,c1ccc(cc1)CCCO,3-phenylpropan-1-ol,c1ccccc1,-6.92,0.6,-5.771,-6.21541,-5.50001,-7.33324,-5.382000000000001,-7.129,0,True,0,0,0,0,0.0,True
mobley_7497999,CC(=O)c1ccccc1,1-phenylethanone,c1ccccc1,-4.58,0.6,-5.078,-6.31198,-5.48386,-6.61137,-7.026,-8.237,0,True,0,0,0,0,1.0,True
mobley_7532833,CC#N,acetonitrile,,-3.88,0.6,-2.789,-4.39567,-4.96907,-4.76349,-5.813000000000001,-5.819,0,True,0,0,0,0,1.0,True
mobley_7542832,CCCOCCC,1-propoxypropane,,-1.16,0.6,-0.004,-0.279345,-0.352327,-0.527905,0.4769999999999998,-0.514,0,True,0,0,0,0,1.0,True
mobley_755351,COc1cccc(c1)N,3-methoxyaniline,c1ccccc1,-7.29,0.6,-7.201,-8.99576,-7.43895,-6.39551,-7.225,-9.225,0,True,0,1,0,0,0.0,True
mobley_7573149,CCCOC(=O)C,propyl acetate,,-2.79,0.6,-3.486,-4.54446,-3.57014,-4.66463,-4.890000000000001,-5.5280000000000005,0,True,0,0,0,0,0.0,True
mobley_7578802,C(Br)(Br)Br,bromoform,,-2.13,0.6,-0.531,-1.87975,0.858485,-0.171257,1.132,-0.217,0,True,1,0,2,0,1.0,False
mobley_7599023,c1ccc(cc1)Br,bromobenzene,c1ccccc1,-1.46,0.6,-0.947,-1.91223,-1.44299,-1.83434,-1.1789999999999998,-2.614,0,True,0,0,0,0,1.0,False
mobley_7608435,CCCCCCCC(=O)OC,methyl octanoate,,-2.04,0.6,-3.035,-3.47906,-2.68716,-3.70622,-3.4239999999999995,-4.849,0,True,0,1,0,0,0.0,True
mobley_7608462,c1ccc(cc1)Cl,chlorobenzene,c1ccccc1,-1.12,0.6,-0.475,-1.39829,-1.62985,-1.53981,-1.118,-2.533,0,False,2,1,0,0,1.0,False
mobley_7610437,CC[C@H](C(C)C)O,2-methylpentan-3-ol,,-3.88,0.6,-2.416,-1.95797,-1.58444,-2.94032,-1.5909999999999995,-2.649,0,True,0,1,1,0,0.0,True
mobley_766666,C(=C(Cl)Cl)Cl,"1,1,2-trichloroethylene",,-0.44,0.6,0.818,-0.551439,-0.354441,-0.129376,0.6719999999999997,-0.5189999999999999,0,True,0,0,0,0,1.0,False
mobley_7676709,CC1=CC(=O)[C@@H](CC1)C(C)C,6-isopropyl-3-methyl-1-cyclohex-2-enone,O=C1C=CCCC1,-4.51,0.1,-3.825,-3.92883,-2.7438,-3.97855,-3.737,-4.867,0,False,2,0,0,0,0.5,True
mobley_7688753,c1cc(cc(c1)O)C=O,3-hydroxybenzaldehyde,c1ccccc1,-9.52,1.9,-9.369,-8.10161,-9.1346,-12.1839,-11.125,-12.579,0,True,0,2,0,1,1.0,True
mobley_7690440,CSSC,methyldisulfanylmethane,,-1.83,0.6,-0.093,-2.14485,-0.245632,-1.62981,-1.299,-2.045,0,True,0,0,2,0,1.0,False
mobley_7708038,CCCBr,1-bromopropane,,-0.56,0.6,0.579,-0.58304,0.296887,-0.722433,0.4300000000000001,-0.4679999999999999,0,True,0,0,0,0,0.0,False
mobley_7732703,C(F)(F)(F)Br,bromo-trifluoro-methane,,1.79,0.6,1.564,1.34498,2.43488,-0.292094,0.8799999999999999,-2.473,0,True,0,0,0,0,1.0,False
mobley_7735340,c1cnc[nH]1,imidazole,c1c[nH]cn1,-9.63,0.6,-7.972,-8.36006,-9.06722,-8.64271,-9.864,-10.343,0,True,0,2,0,0,1.0,True
mobley_7754849,CCOP(=S)(OCC)SCSP(=S)(OCC)OCC,ethion,,-6.1,1.37,-10.644,-15.192,-13.8448,-16.1116,-20.065,-17.683,0,True,0,0,2,1,0.5,False
mobley_7758918,CCC(=O)O,propionic acid,,-6.46,0.6,-9.088,-8.17329,-8.97296,-12.4708,-10.528,-10.974,0,False,2,0,0,0,1.0,True
mobley_7768165,C(CBr)Cl,1-bromo-2-chloro-ethane,,-1.95,0.6,-0.8,-1.75506,-1.03163,-1.66918,-0.8340000000000001,-1.831,0,True,0,0,1,0,0.0,False
mobley_7769613,CC(C)(C)Br,2-bromo-2-methyl-propane,,0.84,0.6,0.438,-0.68042,0.0241654,-1.14642,0.2139999999999999,-0.7780000000000002,0,True,0,0,0,0,1.0,False
mobley_7774695,CNc1ccccc1,N-methylaniline,c1ccccc1,-4.69,0.6,-5.719,-7.20158,-4.97269,-4.80981,-5.134,-7.208,0,True,0,0,0,0,0.0,True
mobley_778352,CC=C(C)C,2-methylbut-2-ene,,1.31,0.6,2.272,1.14842,1.24462,0.794949,1.7520000000000002,0.3619999999999999,0,True,0,1,0,0,1.0,True
mobley_7794077,c1c(c(=O)[nH]c(=O)[nH]1)C(F)(F)F,5-trifluoromethyluracil,O=c1cc[nH]c(=O)[nH]1,-15.46,0.16,-17.349,-16.8455,-14.4746,-18.1672,-22.52,-22.705,0,True,0,2,0,0,0.5,False
mobley_7814642,c1cc(c(cc1Cl)Cl)Cl,"1,2,4-trichlorobenzene",c1ccccc1,-1.12,0.6,-0.117,-0.974442,-1.35859,-0.665783,0.08,-1.378,0,True,0,0,0,0,1.0,False
mobley_7829570,CCCC[N@](CC)c1c(cc(cc1[N+](=O)[O-])C(F)(F)F)[N+](=O)[O-],"N-butyl-N-ethyl-2,6-dinitro-4-(trifluoromethyl)aniline",c1ccccc1,-3.51,1.93,-2.303,-2.34296,-2.69936,-2.43786,-2.1819999999999995,-4.127000000000001,0,True,0,0,0,1,0.5,False
mobley_7859387,CCCCCCC=O,heptanal,,-2.67,0.6,-2.704,-3.28007,-2.37805,-3.97522,-3.965,-5.388,0,False,2,0,0,0,0.0,True
mobley_7860938,CCCCNCCCC,N-butylbutan-1-amine,,-3.24,0.6,-2.076,-1.44497,-0.977508,-0.264547,-0.149,-0.8559999999999999,0,True,0,0,0,0,0.0,True
mobley_7869158,CC[C@H](C)O[N+](=O)[O-],[(2S)-butan-2-yl] nitrate,,-1.82,0.1,-1.864,-1.84771,-2.36385,-1.3902,-0.8720000000000003,-1.487,0,True,1,0,0,0,0.5,True
mobley_7893124,CC(C)(C)c1ccccc1,tert-butylbenzene,c1ccccc1,-0.44,0.6,-0.803,-1.20035,-0.343057,-0.753051,0.1049999999999999,-1.677,0,True,0,0,0,0,0.0,True
mobley_7912193,CCCCOC(=O)c1ccc(cc1)O,butyl paraben,c1ccccc1,-8.72,0.27,-8.771,-7.10308,-8.37475,-10.76,-8.825,-10.304,0,True,0,2,0,0,0.5,True
mobley_7913234,CCCCOC[C@H](C)O,1-butoxy-2-propanol,,-5.73,0.15,-3.891,-3.76571,-3.61077,-4.80031,-3.075,-3.965,0,True,0,1,0,0,0.5,True
mobley_7943327,CCC(=O)OCC,ethyl propanoate,,-2.68,0.6,-3.221,-3.89899,-3.10745,-3.9866,-4.029999999999999,-4.872,0,True,1,0,0,0,1.0,True
mobley_7977115,CCC[C@H](CC)O,hexan-3-ol,,-4.06,0.6,-2.585,-1.86029,-1.47232,-2.7731,-1.4689999999999994,-2.536,0,True,0,0,0,0,0.0,True
mobley_7983227,CC[C@@H](C)CO,2-methylbutan-1-ol,,-4.42,0.6,-2.995,-2.47228,-2.61554,-4.50186,-1.982,-3.666,0,True,0,0,0,0,0.0,True
mobley_7988076,c1cc(ccc1C=O)O,4-hydroxybenzaldehyde,c1ccccc1,-8.83,0.6,-10.05,-9.19038,-10.1893,-13.2865,-12.404,-13.612,0,False,2,2,0,0,1.0,True
mobley_8006582,C1CCCC1,cyclopentane,C1CCCC1,1.2,0.6,1.648,1.52435,1.56806,1.28141,2.315,1.048,0,False,2,0,0,0,1.0,True
mobley_8011706,CN(C)C=O,"N,N-dimethylformamide",,-7.81,0.6,-6.932,-8.04362,-5.49561,-7.41134,-8.517,-9.064,0,True,0,2,0,0,1.0,True
mobley_8048190,CC(=O)N,acetamide,,-9.71,0.6,-8.82,-9.87065,-8.65282,-9.85646,-11.874,-11.643,0,True,0,2,0,0,1.0,True
mobley_8052240,c1ccc2c(c1)C(=O)c3cccc(c3C2=O)N,"1-amino-9,10-anthracenedione",O=C1c2ccccc2C(=O)c2ccccc21,-9.44,0.74,-12.214,-12.045,-10.8391,-10.7214,-12.036,-14.281000000000002,0,True,0,2,0,0,0.5,True
mobley_8057732,c1cc(cc(c1)Cl)O,3-chlorophenol,c1ccccc1,-6.62,0.6,-5.018,-4.03934,-5.67392,-7.32951,-5.199,-6.527,0,True,1,0,0,0,1.0,False
mobley_8117218,C1[C@@H]2[C@H]3[C@@H]([C@H]1[C@H]4[C@@H]2O4)[C@@]5(C(=C([C@]3(C5(Cl)Cl)Cl)Cl)Cl)Cl,endrin,C1=CC2CC1[C@@H]1[C@@H]3C[C@@H]([C@H]4O[C@@H]34)[C@H]21,-4.82,0.1,-5.179,-5.63784,-4.90811,-3.49674,-2.489,-3.841,0,True,0,0,0,0,0.5,False
mobley_8118832,C=CCO,prop-2-en-1-ol,,-5.03,0.6,-3.286,-4.3071,-4.28499,-6.39825,-4.668,-5.6370000000000005,0,True,0,0,0,0,0.0,True
mobley_8124669,CCc1cccc(c1N(COC)C(=O)CCl)CC,alachlor,c1ccccc1,-8.21,0.29,-6.851,-8.82732,-7.4364,-8.35254,-8.59,-9.942,0,True,0,2,0,0,0.5,False
mobley_8127829,CCc1ccccc1,ethylbenzene,c1ccccc1,-0.79,0.6,-0.606,-1.68927,-0.748282,-1.08436,-0.3700000000000001,-2.126,0,True,0,0,0,0,0.0,True
mobley_819018,CC(=CCC/C(=C/CO)/C)C,"(2E)-3,7-dimethylocta-2,6-dien-1-ol",,-4.45,0.24,-2.518,-3.53723,-3.45986,-5.46827,-3.258,-4.785,0,True,0,0,0,0,0.5,True
mobley_8191186,C(C(F)(F)F)Cl,"2-chloro-1,1,1-trifluoro-ethane",,0.06,0.6,0.233,0.084301,-0.29212,-2.39189,-2.27,-4.2,0,True,0,0,0,0,0.0,False
mobley_8207196,CCNc1nc(nc(n1)Cl)NCC,simazine,c1ncncn1,-10.22,0.1,-10.914,-13.9368,-11.1577,-8.6186,-9.867,-11.28,0,True,0,2,2,0,0.5,False
mobley_820789,CCCC(=O)O,butyric acid,,-6.35,0.6,-9.434,-8.61201,-9.60377,-13.3596,-11.171,-11.767,0,True,1,1,0,0,0.0,True
mobley_8208692,c1c(c(c(c(c1Cl)Cl)Cl)Cl)c2c(cc(c(c2Cl)Cl)Cl)Cl,"1,2,3,4-tetrachloro-5-(2,3,4,6-tetrachlorophenyl)benzene",c1ccc(-c2ccccc2)cc1,-4.61,0.25,-0.039,-2.46709,-1.18551,0.630003,2.646,0.0599999999999996,0,True,0,0,1,0,0.5,False
mobley_8221999,CCCC#N,butanenitrile,,-3.64,0.6,-2.287,-3.76859,-4.1298,-3.9018,-4.371,-4.824,0,True,0,0,1,0,0.0,True
mobley_8260524,CC#C,prop-1-yne,,-0.48,0.6,0.065,0.311569,-0.169451,-0.589342,-0.1129999999999999,-1.243,0,True,0,0,0,0,1.0,True
mobley_8311303,c1cc(c(cc1c2c(c(cc(c2Cl)Cl)Cl)Cl)Cl)Cl,"1,2,4,5-tetrachloro-3-(3,4-dichlorophenyl)benzene",c1ccc(-c2ccccc2)cc1,-4.38,0.22,-0.705,-2.33273,-2.21355,-0.540234,0.7850000000000001,-1.525,0,True,0,0,1,0,0.5,False
mobley_8311321,C(F)(F)Cl,chloro-difluoro-methane,,-0.5,0.6,-0.067,-0.19585,-0.320098,-2.59961,-2.681,-4.5840000000000005,0,True,1,0,0,0,1.0,False
mobley_8320545,CC[N+](=O)[O-],1-nitroethane,,-3.71,0.6,-1.839,-2.56312,-3.10408,-2.40672,-2.3560000000000003,-2.6659999999999995,0,True,0,0,2,0,0.0,True
mobley_8337722,C[C@@H]1CC[C@H]([C@@H](C1)O)C(C)C,"(1R,2S,5R)-2-isopropyl-5-methylcyclohexanol",C1CCCCC1,-3.2,0.28,-3.35,-1.92963,-1.78186,-3.26487,-1.0370000000000004,-2.419,0,True,0,0,2,0,0.5,True
mobley_8337977,CC(C)CC(=O)C,4-methylpentan-2-one,,-3.05,0.6,-3.116,-4.56195,-2.90429,-4.46023,-4.2860000000000005,-5.297,0,True,0,0,1,0,0.0,True
mobley_8426916,CCNCC,N-ethylethanamine,,-4.07,0.6,-2.986,-2.39365,-1.86755,-1.14757,-1.463,-1.7979999999999998,0,True,0,0,1,0,1.0,True
mobley_8427539,CCC(=O)N,propionamide,,-9.4,0.2,-8.31,-8.8135,-7.67168,-8.65161,-10.116,-10.547,0,True,0,2,0,0,0.5,True
mobley_8436428,CC(C)CC(C)C,"2,4-dimethylpentane",,2.83,0.6,2.756,2.34814,2.31219,1.80411,3.038,1.507,0,False,2,0,0,0,0.0,True
mobley_8449031,CCN(CC)CC,"N,N-diethylethanamine",,-3.22,0.6,-1.955,-1.08071,-1.14769,-0.285108,0.0729999999999999,1.43,0,True,0,0,0,0,0.0,True
mobley_8467917,CCCC/C=C/C,hept-2-ene,,1.68,0.6,2.78,1.66399,1.91633,1.41904,2.467,0.8439999999999999,0,False,2,1,1,0,0.0,True
mobley_8492526,CCCCC=O,pentanal,,-3.03,0.6,-2.927,-3.60936,-2.77449,-4.35552,-4.5,-5.742,0,True,0,0,0,0,0.0,True
mobley_8514745,CCCCCOC(=O)C,pentyl acetate,,-2.51,0.6,-2.565,-3.68861,-2.80667,-3.76283,-3.721,-4.609999999999999,0,True,0,0,0,0,1.0,True
mobley_8522124,CCCCCCC#C,oct-1-yne,,0.71,0.6,0.832,1.15489,0.97643,0.542258,1.6110000000000002,-0.2189999999999998,0,True,0,0,0,0,0.0,True
mobley_8525830,CCCCCI,1-iodopentane,,-0.14,0.6,-0.111,-0.599923,0.953224,-2.30924,-0.4330000000000003,-1.55,0,False,2,0,0,0,0.0,False
mobley_852937,c1cc(ccc1O)F,4-fluorophenol,c1ccccc1,-6.19,0.6,-4.955,-4.00628,-5.30964,-8.08917,-6.295999999999999,-7.346999999999999,0,True,0,0,0,0,1.0,False
mobley_8558116,CN1CCOCC1,4-methylmorpholine,C1COCCN1,-6.32,0.6,-5.774,-4.91272,-4.56993,-3.76115,-3.916,-2.104,0,True,0,0,0,0,1.0,True
mobley_8573194,CCCC=O,butanal,,-3.18,0.6,-3.044,-3.81647,-3.00616,-4.57978,-4.881,-5.963,0,True,0,0,0,0,0.0,True
mobley_8578590,CS(=O)C,methylsulfinylmethane,,-9.28,0.57,-8.243,-8.95067,-8.40352,-8.89433,-10.457,-9.477,0,True,1,2,0,0,0.0,False
mobley_859464,CC(C)COC(=O)C,isobutyl acetate,,-2.36,0.6,-2.896,-4.01866,-3.00997,-4.07948,-4.16,-4.971,0,True,0,1,2,0,1.0,True
mobley_8614858,CCCCCCC,heptane,,2.67,0.6,2.925,2.39092,2.4032,1.91357,3.2350000000000003,1.577,0,True,0,0,0,0,0.0,True
mobley_8668219,CC[C@@H](C)C(C)C,"2,3-dimethylpentane",,2.52,0.6,2.625,2.29599,2.2233,1.74388,2.964,1.47,0,True,0,0,0,0,0.0,True
mobley_8685905,[C@@H](C(F)(F)F)(F)Br,"2-bromo-1,1,1,2-tetrafluoro-ethane",,0.5,0.6,0.234,0.51701,0.929192,-1.93173,-1.505,-4.351000000000001,0,True,0,0,0,0,0.0,False
mobley_8691603,Cc1cccc(c1)O,m-cresol,c1ccccc1,-5.49,0.6,-5.378,-4.65507,-5.4018,-7.34385,-5.299000000000001,-6.707,0,True,0,1,0,0,1.0,True
mobley_8705848,CC(C)NC(C)C,N-isopropylpropan-2-amine,,-3.22,0.6,-1.985,-0.958393,-0.943819,-0.254872,-0.1829999999999998,-0.6400000000000001,0,True,1,0,0,0,0.0,True
mobley_8713762,CCCN(CCC)C(=O)SCCC,"N,N-dipropyl(propylsulfanyl)formamide",,-4.13,1.36,-4.569,-4.97873,-2.01905,-3.64385,-3.1640000000000006,-4.18,0,True,0,0,0,1,0.5,False
mobley_8723116,c1cc(ccc1N)Cl,4-chloroaniline,c1ccccc1,-5.9,0.6,-5.281,-7.58345,-5.68179,-4.59737,-5.383000000000001,-7.501,0,True,0,0,0,0,1.0,False
mobley_8739734,CC(C)C(=O)C,3-methylbutan-2-one,,-3.24,0.6,-3.078,-4.25589,-2.85476,-4.31569,-4.212,-5.217,0,True,0,0,0,0,0.0,True
mobley_8746821,Cc1cccnc1C,"2,3-dimethylpyridine",c1ccncc1,-4.82,0.6,-3.367,-4.32957,-4.61909,-4.36258,-3.864,-5.253,0,True,0,0,2,0,1.0,True
mobley_8754702,CCCOC=O,propyl formate,,-2.48,0.6,-3.699,-4.34055,-3.96949,-5.23175,-5.893000000000001,-6.886000000000001,0,True,0,0,0,0,1.0,True
mobley_8764620,c1cc(cnc1)C#N,pyridine-3-carbonitrile,c1ccncc1,-6.75,0.6,-5.582,-7.69663,-8.15684,-7.3297,-8.372,-9.353,0,True,0,0,2,0,1.0,True
mobley_8765203,CC(=C)C=C,isoprene,,0.68,0.6,1.824,0.170611,0.566375,0.0276648,0.687,-0.746,0,True,0,0,2,0,0.0,True
mobley_8772587,CCCCI,1-iodobutane,,-0.25,0.6,-0.223,-0.868863,0.738478,-2.52337,-0.7710000000000004,-1.73,0,True,0,0,2,0,0.0,False
mobley_8785107,C[C@H]1CC[C@@H](O1)C,"2,5-dimethyltetrahydrofuran",C1CCOC1,-2.92,0.6,-1.787,-1.32706,-1.35293,-1.34941,-0.4340000000000001,-1.1150000000000002,0,True,0,0,0,0,1.0,True
mobley_8789465,c1ccc(c(c1)O)I,2-iodophenol,c1ccccc1,-6.2,0.6,-3.221,-2.65097,-2.57752,-6.49731,-3.455,-5.234,0,False,2,0,0,0,1.0,False
mobley_8789864,COC(CC#N)(OC)OC,"3,3,3-trimethoxypropanenitrile",,-6.4,0.6,-5.859,-8.35648,-9.93756,-8.95476,-9.481,-9.584,0,True,0,0,0,0,0.0,True
mobley_8798016,c1cnccc1C=O,pyridine-4-carbaldehyde,c1ccncc1,-7.0,0.6,-7.338,-8.95383,-8.54641,-9.42357,-10.452,-11.931,0,True,1,0,2,0,1.0,True
mobley_8809190,CCCCc1ccccc1,butylbenzene,c1ccccc1,-0.4,0.6,-0.227,-1.25146,-0.260548,-0.622909,0.2399999999999997,-1.6969999999999998,0,True,0,0,0,0,0.0,True
mobley_8809274,c1ccc(cc1)C(F)(F)F,trifluoromethylbenzene,c1ccccc1,-0.25,0.6,-0.57,-0.572365,-1.08327,-2.905,-2.854,-4.550000000000001,0,True,0,0,0,0,0.0,False
mobley_8823527,c1cc(c(cc1Cl)c2cc(c(c(c2)Cl)Cl)Cl)Cl,"1,2,3-trichloro-5-(2,5-dichlorophenyl)benzene",c1ccc(-c2ccccc2)cc1,-3.61,0.13,-0.922,-2.0877,-2.39799,-0.888106,0.1150000000000002,-2.006,0,False,2,1,1,0,0.5,False
mobley_8827942,c1ccc2c(c1)Oc3c(cc(c(c3O2)Cl)Cl)Cl,"1,2,4-trichlorodibenzo-p-dioxin",c1ccc2c(c1)Oc1ccccc1O2,-4.05,0.1,-3.16,-2.93663,-4.18358,-2.36062,-1.4330000000000007,-3.472,0,True,0,0,0,0,0.5,False
mobley_8861672,Cc1ccnc(c1)C,"2,4-dimethylpyridine",c1ccncc1,-4.86,0.6,-3.282,-4.14561,-4.60603,-4.36408,-3.884,-5.309,0,True,1,0,2,0,1.0,True
mobley_8882696,C1CCOC1,tetrahydrofuran,C1CCOC1,-3.47,0.6,-2.201,-2.12096,-2.12318,-2.20225,-1.7679999999999998,-2.05,0,True,1,1,0,0,1.0,True
mobley_8883511,Cc1ccccc1C=O,2-methylbenzaldehyde,c1ccccc1,-3.93,0.1,-4.554,-5.57405,-4.75764,-6.04812,-6.498,-7.853999999999999,0,True,0,0,0,0,0.5,True
mobley_8885088,C1CC=CC1,cyclopentene,C1=CCCC1,0.56,0.6,1.23,0.25975,0.712602,0.402058,1.2300000000000002,-0.1140000000000001,0,False,2,0,0,0,1.0,True
mobley_8899867,C1CCC(C1)O,cyclopentanol,C1CCCC1,-5.49,0.6,-4.29,-3.4698,-3.32766,-4.83315,-2.901,-4.126,0,True,0,0,0,0,1.0,True
mobley_8916409,CCOC(=O)C[C@H](C(=O)OCC)SP(=S)(OC)OC,diethyl (2R)-2-dimethoxyphosphinothioylsulfanylbutanedioate,,-8.15,0.21,-11.194,-14.903,-13.9611,-15.9772,-18.219,-18.357,0,True,0,2,0,0,0.5,False
mobley_8966374,Cc1cnccn1,2-methylpyrazine,c1cnccn1,-5.51,0.6,-6.161,-7.74725,-7.57313,-7.50819,-8.086,-9.205,0,True,0,0,0,0,1.0,True
mobley_8983100,CBr,bromomethane,,-0.82,0.6,0.46,-0.815123,-0.134953,-1.1179,-0.3209999999999999,-0.924,0,True,0,0,0,0,0.0,False
mobley_900088,CC(=C)C(=C)C,"2,3-dimethylbuta-1,3-diene",,0.4,0.6,1.862,0.460063,0.761466,0.241934,1.083,-0.5169999999999999,0,True,0,0,2,0,0.0,True
mobley_9007496,CNC(=O)Oc1cccc2c1cccc2,naphthalen-1-yl N-methylcarbamate,c1ccc2ccccc2c1,-9.45,0.1,-10.436,-9.71877,-10.068,-10.2489,-10.742,-12.177,0,False,2,2,1,0,0.5,True
mobley_9015240,CCCCCCCCBr,1-bromooctane,,0.52,0.6,1.352,0.327821,1.38253,0.327817,2.028,0.405,0,True,0,0,2,0,0.0,False
mobley_9028462,COC(=O)C(F)(F)F,"methyl 2,2,2-trifluoroacetate",,-1.1,0.6,-1.353,-0.109082,-0.970342,-3.63747,-4.166,-6.658,0,True,0,0,0,0,1.0,False
mobley_902954,CCCCO[N+](=O)[O-],butyl nitrate,,-2.09,0.1,-1.938,-1.98016,-2.62101,-1.59662,-1.112,-1.881,0,True,0,0,1,0,0.5,True
mobley_9029594,CF,fluoromethane,,-0.22,0.6,0.881,-0.468095,0.526704,-1.41178,-1.471,-1.965,0,True,0,1,0,0,1.0,False
mobley_9055303,C,methane,,2.0,0.2,2.446,1.47257,1.24229,0.753453,1.411,0.6759999999999999,0,True,0,0,0,0,1.0,True
mobley_9073553,CSC,methylsulfanylmethane,,-1.61,0.6,0.44,-1.27172,0.0643906,-1.13818,-0.7969999999999997,-1.558,0,True,0,1,0,0,0.0,False
mobley_9100956,CC1CCCCC1,methylcyclohexane,C1CCCCC1,1.7,0.6,1.679,1.8222,1.95342,1.64936,2.807,1.387,0,True,0,0,2,0,1.0,True
mobley_9112978,CC/C=C\C,pent-2-ene,,1.31,0.6,2.374,1.06501,1.27629,0.830132,1.757,0.309,0,True,0,0,0,0,0.0,True
mobley_9114381,COC(=O)CC#N,methyl 2-cyanoacetate,,-6.72,0.6,-6.36,-7.79861,-9.04241,-9.17712,-10.633,-11.432,0,True,0,1,1,0,1.0,True
mobley_9121449,CCC#C,but-1-yne,,-0.16,0.6,0.284,0.45308,0.11171,-0.290711,0.347,-0.9520000000000002,0,True,0,0,2,0,1.0,True
mobley_9139060,CC1CCC(CC1)C,"1,4-dimethylcyclohexane",C1CCCCC1,2.11,0.6,1.918,2.03695,2.18554,1.84764,3.051,1.586,0,True,0,1,2,0,1.0,True
mobley_9185328,CCCN,propan-1-amine,,-4.39,0.6,-3.053,-2.59226,-1.02081,-0.669734,-0.6309999999999998,-3.121,0,True,0,0,0,0,0.0,True
mobley_9197172,CCCCCCC=C,oct-1-ene,,1.92,0.6,2.895,1.73108,2.09568,1.55162,2.711,0.8809999999999999,0,True,0,0,0,0,0.0,True
mobley_9201263,COS(=O)(=O)C,methyl methanesulfonate,,-4.87,0.6,-8.824,-2.76096,-9.58663,-9.60737,-12.156,-14.882,0,False,2,0,0,0,1.0,False
mobley_9209581,CN(C)C,"N,N-dimethylmethanamine",,-3.2,0.6,-2.636,-3.12992,-2.45749,-2.25656,-2.139,-1.634,0,True,0,0,0,0,0.0,True
mobley_9246215,C=CCC=C,"penta-1,4-diene",,0.93,0.6,2.357,0.305176,0.878448,0.283164,0.8949999999999998,-0.5950000000000002,0,True,0,0,0,0,0.0,True
mobley_9246351,C(Br)Br,dibromomethane,,-1.96,0.6,-0.405,-1.67275,-0.126857,-1.12028,-0.1390000000000002,-1.104,0,True,0,0,0,0,1.0,False
mobley_9257453,c1cc(c(cc1O)Cl)Cl,"3,4-dichlorophenol",c1ccccc1,-7.29,0.1,-5.139,-3.96138,-5.75799,-7.25545,-4.8870000000000005,-6.138,0,False,2,0,0,0,0.5,False
mobley_9281946,CCOP(=S)(OCC)Oc1ccc(cc1)[N+](=O)[O-],diethoxy-(4-nitrophenoxy)-thioxo-$l^{5}-phosphane,c1ccccc1,-6.74,0.1,-9.211,-7.12798,-9.54779,-8.96515,-10.141000000000002,-10.879,0,True,0,1,0,0,0.5,False
mobley_929676,CCCCCCBr,1-bromohexane,,0.18,0.6,1.076,-0.0657122,0.910408,-0.141151,1.3630000000000002,0.0230000000000001,0,True,0,1,0,0,0.0,False
mobley_9407874,CCCCCCC(=O)C,octan-2-one,,-2.88,0.6,-2.758,-3.90754,-2.32862,-3.82148,-3.438,-4.819,0,True,1,0,0,0,0.0,True
mobley_9414831,Cc1cccc2c1cccc2,1-methylnaphthalene,c1ccc2ccccc2c1,-2.44,0.6,-3.212,-2.6822,-2.85862,-2.86948,-2.2789999999999995,-4.051,0,True,0,1,1,0,1.0,True
mobley_9434451,CC(C)Br,2-bromopropane,,-0.48,0.6,0.448,-0.773557,-0.00815737,-1.10492,0.0710000000000001,-0.766,0,True,0,0,0,0,1.0,False
mobley_9460824,CCOP(=S)(OCC)SCSCC,diethoxy-(ethylsulfanylmethylsulfanyl)-thioxo-$l^{5}-phosphane,,-4.37,0.1,-6.427,-9.14217,-6.61081,-8.97126,-9.874,-9.447,0,True,0,0,0,0,0.5,False
mobley_9478823,Cc1ccccc1C,o-xylene,c1ccccc1,-0.9,0.6,-0.851,-1.66965,-0.927437,-1.22667,-0.4739999999999997,-2.054,0,True,0,0,0,0,1.0,True
mobley_9507933,Cc1ccc(nc1)C,"2,5-dimethylpyridine",c1ccncc1,-4.72,0.6,-3.165,-3.98213,-4.47248,-4.23212,-3.745,-5.0760000000000005,0,True,0,0,2,0,1.0,True
mobley_9510785,c1ccc(cc1)c2cc(c(c(c2Cl)Cl)Cl)Cl,"1,2,3,4-tetrachloro-5-phenyl-benzene",c1ccc(-c2ccccc2)cc1,-3.48,1.0,-1.31,-2.31047,-1.84572,-0.823225,0.2370000000000001,-2.0210000000000004,0,True,0,0,1,1,0.5,False
mobley_951560,C1CNCCN1,piperazine,C1CNCCN1,-7.4,0.6,-8.481,-8.37368,-7.19666,-4.75408,-5.7490000000000006,-5.701,0,True,0,0,0,0,1.0,True
mobley_9534740,C([C@@H]1[C@H]([C@@H]([C@H]([C@@H](O1)O)O)O)O)O,"(2R,3R,4S,5S,6R)-6-(hydroxymethyl)tetrahydropyran-2,3,4,5-tetrol",C1CCOCC1,-25.47,0.22,-18.095,-15.6033,-18.0083,-25.7379,-18.104,-17.106,0,True,0,2,0,0,0.5,True
mobley_9557440,c1c(c(=O)[nH]c(=O)[nH]1)Cl,5-chlorouracil,O=c1cc[nH]c(=O)[nH]1,-17.74,0.78,-16.612,-17.9397,-14.8265,-16.6514,-20.39,-19.853,0,True,0,2,0,0,0.5,False
mobley_9565165,c1ccc-2c(c1)Cc3c2cccc3,9H-fluorene,c1ccc2c(c1)Cc1ccccc1-2,-3.35,0.6,-4.269,-3.57815,-3.82433,-3.7012,-3.181,-5.094,0,False,2,0,1,0,1.0,True
mobley_9571888,C1[C@@H]2[C@H](COS(=O)O1)[C@@]3(C(=C([C@]2(C3(Cl)Cl)Cl)Cl)Cl)Cl,endosulfan alpha,O=S1OC[C@H]2C3C=CC(C3)[C@H]2CO1,-4.23,0.26,-9.785,-8.42358,-8.61806,-8.07396,-7.983,-9.332,0,True,0,0,0,0,0.5,False
mobley_9617923,CCCCCCCCC(=O)C,decan-2-one,,-2.34,0.6,-2.573,-3.56638,-1.91201,-3.42345,-2.8360000000000003,-4.496,0,True,0,0,1,0,0.0,True
mobley_9624458,C(CCl)CCl,"1,3-dichloropropane",,-1.89,0.6,-0.416,-2.02439,-1.89843,-2.05342,-1.701,-2.566,0,True,0,0,0,0,0.0,False
mobley_9626434,CCOCCO,2-ethoxyethanol,,-6.69,0.6,-4.407,-6.41819,-7.06972,-8.83997,-6.972,-7.575,0,True,0,0,0,0,0.0,True
mobley_9653690,CC1=CC[C@H](C[C@@H]1O)C(=C)C,"(1S,5R)-2-methyl-5-(1-methylethenyl)-2-cyclohexen-1-ol",C1=CCCCC1,-4.44,0.43,-3.257,-3.38122,-3.11516,-4.67341,-2.688,-4.196,0,False,2,0,0,0,0.5,True
mobley_967099,CC(C)[N+](=O)[O-],2-nitropropane,,-3.13,0.6,-1.741,-2.34566,-2.83293,-2.21112,-1.95,-2.398,0,True,0,1,0,0,0.0,True
mobley_9671033,CCC[N+](=O)[O-],1-nitropropane,,-3.34,0.6,-1.632,-2.25454,-2.72329,-2.04572,-1.8090000000000008,-2.29,0,True,0,0,0,0,0.0,True
mobley_9705941,Cc1cccs1,2-methylthiophene,c1ccsc1,-1.38,0.6,-0.3,-1.86949,-0.584482,-1.23932,-0.6240000000000001,-1.89,0,True,0,0,0,0,1.0,False
mobley_9717937,c1ccc(cc1)c2ccccc2Cl,1-chloro-2-phenyl-benzene,c1ccc(-c2ccccc2)cc1,-2.69,0.1,-2.508,-2.87984,-2.95728,-2.67779,-2.358,-4.454000000000001,0,True,0,0,1,0,0.5,False
mobley_9729792,C1C=CC=CC=C1,"cyclohepta-1,3,5-triene",C1=CC=CCC=C1,-0.99,0.6,-0.098,-1.91618,-0.991159,-1.24393,-0.5859999999999999,-2.366,0,True,0,0,0,0,1.0,True
mobley_9733743,CCCCN,butan-1-amine,,-4.24,0.6,-2.961,-2.37505,-0.793,-0.45525,-0.3490000000000002,-2.902,0,True,1,1,0,0,0.0,True
mobley_9740891,c1cc(c(c(c1)Cl)C#N)Cl,dichlobenil,c1ccccc1,-4.71,1.93,-3.32,-4.37067,-5.0522,-3.82638,-4.04,-5.019,0,True,0,0,0,1,0.5,False
mobley_9741965,C[C@@H](CCO[N+](=O)[O-])O[N+](=O)[O-],"1,3-bis-(nitrooxy)butane",,-4.29,0.39,-4.944,-4.30244,-5.72353,-3.18062,-2.909,-3.605,0,False,2,0,0,0,0.5,True
mobley_9794857,CC(C)(C)OC,2-methoxy-2-methyl-propane,,-2.21,0.6,-0.691,-0.971671,-1.20827,-1.42351,-0.56,-1.286,0,True,1,0,1,0,0.0,True
mobley_9821936,c12c(c(c(c(c1Cl)Cl)Cl)Cl)Oc3c(c(c(c(c3Cl)Cl)Cl)Cl)O2,"1,2,3,4,6,7,8,9-octachlorodibenzo-p-dioxin",c1ccc2c(c1)Oc1ccccc1O2,-4.53,1.0,-1.147,-1.7173,-0.21089,1.72597,4.305999999999999,1.635,0,True,0,0,0,1,0.5,False
mobley_9838013,CCC(C)(C)O,2-methylbutan-2-ol,,-4.43,0.6,-2.933,-2.57867,-2.47779,-3.79077,-2.224,-3.505,0,True,1,0,1,0,0.0,True
mobley_9883303,CCC[C@H](C)CC,3-methylhexane,,2.71,0.6,2.81,2.34342,2.29173,1.80527,3.052,1.502,0,True,0,0,1,0,0.0,True
mobley_9897248,CC(=CCC/C(=C\CO)/C)C,"(2Z)-3,7-dimethylocta-2,6-dien-1-ol",,-4.78,0.25,-2.597,-3.51864,-3.43729,-5.4788,-3.2300000000000004,-4.754,0,True,0,0,0,0,0.5,True
mobley_9913368,C(=C/Cl)\Cl,"(E)-1,2-dichloroethylene",,-0.78,0.6,1.024,-0.252349,-0.59588,-0.520564,-0.0900000000000003,-1.126,0,True,1,0,0,0,1.0,False
mobley_9942801,CCc1ccc(cc1)C,1-ethyl-4-methyl-benzene,c1ccccc1,-0.95,0.6,-0.575,-1.20131,-0.421314,-0.758853,0.0590000000000001,-1.6409999999999998,0,True,0,0,0,0,0.0,True
mobley_994483,CCBr,bromoethane,,-0.74,0.6,0.487,-0.821768,-0.0625732,-1.08909,-0.0949999999999997,-0.8179999999999998,0,True,0,0,0,0,1.0,False
mobley_9974966,CC(C)SC(C)C,2-isopropylsulfanylpropane,,-1.21,0.6,0.14,-1.11181,0.499588,-0.765837,0.032,-1.358,0,True,0,0,0,0,0.0,False
mobley_9979854,C[C@H](C(F)(F)F)O,111-trifluoropropan-2-ol,,-4.2,0.2,-3.486,-3.34553,-4.16738,-8.6211,-6.662000000000001,-7.446999999999999,0,True,0,1,0,0,0.5,False
