id,iupac name,solute,smiles,train,only_HCNO,expt,tip3p,cha,zap9,mbondi,asc,igb5
mobley_1017962,methyl hexanoate,cho753,CCCCCC(=O)OC,False,True,-2.49,-3.299,-3.72622,-3.00434,-4.00628,-3.886,-5.059
mobley_1019269,butan-1-ol,cho104,CCCCO,False,True,-4.72,-3.232,-3.13599,-3.22227,-5.18839,-3.08,-4.198
mobley_1034539,"1,2,3,4-tetrachloro-5-(3,4-dichlorophenyl)benzene",chcl125,c1cc(c(cc1c2cc(c(c(c2Cl)Cl)Cl)Cl)Cl)Cl,False,False,-3.04,-1.083,-2.34475,-2.11372,-0.459959,0.8990000000000005,-1.348
mobley_1036761,cyclohexanamine,chn020,C1CCC(CC1)N,True,True,-4.59,-3.953,-1.75525,-0.447715,-0.0271034,0.2400000000000002,-2.215
mobley_1046331,phenyl formate,cho706,c1ccc(cc1)OC=O,True,True,-3.82,-5.442,-5.70653,-6.57758,-7.40799,-8.342,-10.084
mobley_1075836,methyl propanoate,cho731,CCC(=O)OC,True,True,-2.93,-3.652,-4.29168,-3.66474,-4.61494,-4.915,-5.664000000000001
mobley_1079207,"1,3-dichlorobenzene",chcl103,c1cc(cc(c1)Cl)Cl,True,False,-0.98,-0.11,-0.999704,-1.45543,-1.03292,-0.5100000000000002,-1.884
mobley_1107178,iodoethane,chi002,CCI,True,False,-0.74,-0.609,-1.27761,0.116715,-3.15843,-1.7760000000000002,-2.347
mobley_1139153,"2,2,4-trimethylpentane",ch050,CC(C)CC(C)(C)C,False,True,2.89,2.542,2.21496,2.25602,1.81014,3.059,1.531
mobley_1144156,ethoxyethane,cho010,CCOCC,True,True,-1.59,-0.617,-0.719727,-0.907798,-1.07732,-0.3540000000000001,-1.157
mobley_1160109,"(2R,5R)-2-methyl-5-(1-methylethenyl)-cyclohexanone",cho543,C[C@@H]1CC[C@H](CC1=O)C(=C)C,True,True,-3.75,-3.344,-4.06934,-2.45829,-3.77505,-3.437,-4.779
mobley_1178614,2-chlorophenol,chocl032,c1ccc(c(c1)O)Cl,True,False,-4.55,-3.317,-3.02802,-4.56098,-5.87065,-3.886,-5.567
mobley_1189457,methylsulfanylbenzene,chs040,CSc1ccccc1,True,False,-2.73,-1.325,-2.63325,-1.61028,-2.41788,-2.164,-3.516
mobley_1199854,1-iodopropane,chi003,CCCI,True,False,-0.53,-0.443,-0.940476,0.516745,-2.7346,-1.1310000000000002,-1.92
mobley_1231151,2-chloropropane,chcl020,CC(C)Cl,True,False,-0.25,0.833,-0.471056,-0.333791,-0.71708,-0.1470000000000002,-0.941
mobley_1235151,1-nitropentane,chon105,CCCCC[N+](=O)[O-],True,True,-2.82,-1.325,-1.84855,-2.20814,-1.56176,-1.0439999999999996,-1.839
mobley_1244778,cycloheptanol,cho187,C1CCCC(CC1)O,True,True,-5.48,-4.345,-3.16298,-2.99454,-4.36136,-2.5780000000000003,-3.6
mobley_1261349,neopentane,ch040,CC(C)(C)C,True,True,2.51,2.506,1.94086,1.90732,1.40514,2.514,1.177
mobley_1278715,hexachloroethane,chcl057,C(C(Cl)(Cl)Cl)(Cl)(Cl)Cl,True,False,-0.64,0.885,-0.443376,1.07819,1.28346,2.819,0.054
mobley_129464,1-butoxybutane,cho012,CCCCOCCCC,True,True,-0.83,0.139,0.0773561,0.0647066,-0.126202,1.117,-0.1260000000000001
mobley_1323538,triethylphosphate,chop002,CCOP(=O)(OCC)OCC,True,False,-7.5,-10.251,-8.80233,-11.5907,-10.8339,-12.912,-13.788
mobley_1328465,"1,1,2-trichloroethane",chcl051,C(C(Cl)Cl)Cl,True,False,-1.99,-0.384,-2.3491,-2.59119,-2.4254,-2.022,-3.258
mobley_1328936,methyl 4-nitrobenzoate,chon131,COC(=O)c1ccc(cc1)[N+](=O)[O-],True,True,-6.88,-6.588,-6.14795,-7.73074,-6.78707,-7.502000000000001,-8.578999999999999
mobley_1352110,pebulate,chons08,CCCCN(CC)C(=O)SCCC,True,False,-3.64,-4.573,-5.01902,-1.97427,-3.56014,-3.096,-4.154999999999999
mobley_1363784,"3,5-dimethylpyridine",chn149,Cc1cc(cnc1)C,True,True,-4.84,-2.869,-4.40906,-4.24443,-4.16219,-3.836,-4.9510000000000005
mobley_1396156,pentachloronitrobenzene,choncl27,c1(c(c(c(c(c1Cl)Cl)Cl)Cl)Cl)N(=O)=O,True,False,-5.22,-1.284,-2.18137,-0.845567,0.758061,2.454,0.565
mobley_1417007,captan,chonscl01,C1C=CC[C@@H]2[C@@H]1C(=O)N(C2=O)SC(Cl)(Cl)Cl,True,False,-9.01,-8.718,-9.73036,-6.82641,-7.90712,-8.097000000000001,-10.528
mobley_1424265,m-xylene,ch223,Cc1cccc(c1)C,True,True,-0.83,-0.697,-1.44315,-0.78156,-1.12182,-0.395,-1.9830000000000003
mobley_1449384,1-isopropyl-4-methyl-benzene,ch242,Cc1ccc(cc1)C(C)C,True,True,-0.68,-0.456,-0.835526,-0.174978,-0.52897,0.3349999999999999,-1.373
mobley_1469079,"2,3-dichlorodibenzo-p-dioxin",chocl041,c1ccc2c(c1)Oc3cc(c(cc3O2)Cl)Cl,True,False,-3.56,-3.59,-2.86147,-4.87666,-3.07073,-2.3600000000000003,-4.3100000000000005
mobley_1502181,nonan-2-one,cho509,CCCCCCCC(=O)C,False,True,-2.49,-2.563,-3.65004,-2.04742,-3.53497,-3.0489999999999995,-4.558
mobley_1520842,4-methylpyridine,chn143,Cc1ccncc1,True,True,-4.93,-3.343,-4.65612,-4.83966,-4.70552,-4.612,-5.8420000000000005
mobley_1527293,flurbiprofen,chof051,C[C@@H](c1ccc(c(c1)F)c2ccccc2)C(=O)O,True,False,-8.42,-13.953,-12.837,-13.7258,-17.769,-15.736,-17.747999999999998
mobley_1563176,butane-1-thiol,chs053,CCCCS,True,False,-0.99,-0.174,-1.62836,0.370867,-1.64191,-0.798,-1.7380000000000002
mobley_1571523,"2,3-dimethylphenol",cho361,Cc1cccc(c1C)O,True,True,-6.16,-5.148,-4.45142,-5.22681,-7.09326,-4.644,-6.337999999999999
mobley_1592519,ethyl hexanoate,cho754,CCCCCC(=O)OCC,True,True,-2.23,-2.929,-3.55178,-2.60682,-3.54854,-3.18,-4.436999999999999
mobley_1615431,2-isopropoxypropane,cho022,CC(C)OC(C)C,True,True,-0.53,-0.178,-0.0964986,-0.328502,-0.480758,0.5789999999999997,-0.47
mobley_1636752,methanol,cho101,CO,False,True,-5.1,-3.491,-4.07426,-4.24733,-6.24389,-4.789,-5.384
mobley_1650157,2-methylpropan-2-ol,cho160,CC(C)(C)O,True,True,-4.47,-3.288,-3.08674,-3.01116,-4.35282,-2.9200000000000004,-3.952
mobley_1659169,morpholine,chon420,C1COCCN1,True,True,-7.17,-6.116,-6.12954,-5.51506,-4.25126,-4.813000000000001,-4.476
mobley_1662128,but-1-ene,ch104,CCC=C,True,True,1.38,2.367,0.995003,1.24102,0.742274,1.539,0.176
mobley_1674094,hex-1-yne,ch406,CCCCC#C,True,True,0.29,0.553,0.842092,0.587594,0.17009,1.031,-0.53
mobley_1708457,methylsulfonylmethane,chos010,CS(=O)(=O)C,False,False,-10.08,-10.559,-11.4593,-12.6835,-12.6779,-14.392,-15.336
mobley_1717215,methyl formate,cho700,COC=O,True,True,-2.78,-4.028,-4.36373,-4.6221,-5.86792,-6.998,-7.81
mobley_1722522,ethyl butanoate,cho742,CCCC(=O)OCC,False,True,-2.49,-3.381,-4.03082,-3.08453,-4.05227,-3.968,-4.908
mobley_1723043,octafluorocyclobutane,chf005,C1(C(C(C1(F)F)(F)F)(F)F)(F)F,True,False,3.43,3.077,4.87378,3.87818,0.254252,0.92,-1.05
mobley_1728386,benzamide,chon800,c1ccc(cc1)C(=O)N,True,True,-11.0,-10.412,-11.027,-10.5443,-11.1336,-13.089,-13.534
mobley_172879,dibenzo-p-dioxin,cho071,c1ccc2c(c1)Oc3ccccc3O2,False,True,-3.15,-4.9,-3.9786,-6.23754,-4.9079,-4.664,-6.369000000000001
mobley_1733799,4-bromophenol,chobr010,c1cc(ccc1O)Br,True,False,-5.85,-5.833,-4.87226,-6.02331,-8.22223,-5.939,-7.212
mobley_1735893,hexanoic acid,cho674,CCCCCC(=O)O,True,True,-6.21,-7.878,-7.45533,-8.16397,-11.8365,-9.289,-10.271
mobley_1743409,diethyl butanedioate,cho761,CCOC(=O)CCC(=O)OCC,True,True,-5.71,-8.683,-9.16167,-7.41548,-8.60135,-9.407,-10.415
mobley_1755375,"2,6-dimethylphenol",cho364,Cc1cccc(c1O)C,True,True,-5.26,-4.308,-4.11941,-4.98249,-5.99241,-4.414,-5.908
mobley_1760914,1-chloro-2-methyl-benzene,chcl111,Cc1ccccc1Cl,True,False,-1.14,-0.473,-1.21859,-1.37383,-1.29576,-0.6750000000000003,-2.143
mobley_1770205,"3-(dimethoxyphosphinothioylsulfanylmethyl)-1,2,3-benzotriazin-4-one",chonsp01,COP(=S)(OC)SCn1c(=O)c2ccccc2nn1,True,False,-10.03,-14.106,-14.7366,-13.9935,-14.2538,-17.736,-17.249000000000002
mobley_1781152,"methyl 2,2-dimethylpropanoate",cho739,CC(C)(C)C(=O)OC,True,True,-2.4,-3.304,-3.65181,-3.03474,-4.12996,-3.919,-4.938
mobley_1792062,"1,2-dibromoethane",chbr013,C(CBr)Br,True,False,-2.33,-1.275,-2.13828,-0.656971,-1.8648,-0.5999999999999996,-1.618
mobley_1800170,ethanethiol,chs051,CCS,True,False,-1.14,-0.395,-2.08024,-0.168841,-2.15556,-1.6020000000000003,-2.2350000000000003
mobley_1803862,isopentane,ch021,CCC(C)C,True,True,2.38,2.59,1.99285,1.92139,1.44952,2.551,1.201
mobley_1821184,3-methyl-1H-indole,chn180,Cc1c[nH]c2c1cccc2,False,True,-5.88,-8.161,-7.03166,-7.25704,-6.77053,-7.278,-9.311
mobley_1827204,hexanal,cho606,CCCCCC=O,False,True,-2.81,-2.86,-3.49388,-2.60627,-4.20468,-4.246,-5.633
mobley_1838110,"1,1,2-trichloro-1,2,2-trifluoro-ethane",chfcl012,C(C(F)(Cl)Cl)(F)(F)Cl,True,False,1.77,1.691,1.49411,2.14558,0.791322,1.89,-1.971
mobley_1849020,4-chlorophenyl)sulfanylmethylsulfanyl-diethoxy-thioxo-$l^{5}-phosphane,chospcl12,CCOP(=S)(OCC)SCSc1ccc(cc1)Cl,True,False,-6.5,-7.024,-9.58076,-8.7748,-9.71401,-10.986999999999998,-10.36
mobley_1855337,"1,2,3,5-tetrachlorobenzene",chcl109,c1c(cc(c(c1Cl)Cl)Cl)Cl,True,False,-1.62,0.136,-0.783938,-0.702526,0.120075,1.2070000000000003,-0.4169999999999998
mobley_1857976,"1,2-dichloroethane",chcl040,C(CCl)Cl,False,False,-1.79,-0.363,-2.10896,-2.24375,-2.33928,-2.1220000000000003,-2.904
mobley_1858644,2-phenylethanol,cho172,c1ccc(cc1)CCO,True,True,-6.79,-5.28,-6.0964,-5.55451,-7.52273,-5.371,-7.431
mobley_186894,propanethiol,chs052,CCCS,True,False,-1.1,-0.182,-1.82824,0.13347,-1.8681,-1.162,-1.932
mobley_1873346,toluene,ch201,Cc1ccccc1,True,True,-0.9,-0.79,-1.62474,-1.10628,-1.43665,-0.815,-2.462
mobley_1875719,pentan-3-one,cho520,CCC(=O)CC,True,True,-3.41,-3.05,-3.92455,-2.60413,-3.8887,-3.689000000000001,-4.95
mobley_1881249,pentan-2-one,cho505,CCCC(=O)C,True,True,-3.52,-3.166,-4.42939,-2.92428,-4.39293,-4.359,-5.341
mobley_1893815,"1,1,1,2-tetrachloroethane",chcl053,C(C(Cl)(Cl)Cl)Cl,True,False,-1.43,-0.091,-1.41537,-1.25393,-0.99751,-0.0689999999999999,-1.914
mobley_1893937,1-chlorohexane,chcl006,CCCCCCCl,True,False,0.0,1.261,0.166193,0.494274,0.101348,1.064,-0.238
mobley_1896013,"(2S,3R,4S,5R)-oxane-2,3,4,5-tetrol",cho213,C1[C@H]([C@@H]([C@H]([C@H](O1)O)O)O)O,True,True,-20.52,-14.148,-13.1838,-15.0244,-21.1951,-15.182,-14.703
mobley_1899443,2-methylpent-1-ene,ch131,CCCC(=C)C,True,True,1.47,2.486,1.41845,1.58098,1.07213,2.083,0.562
mobley_1903702,butan-2-ol,cho141,CC[C@H](C)O,True,True,-4.62,-3.145,-2.75965,-2.76292,-4.35224,-2.405,-3.734
mobley_1905088,benzyl bromide,chbr030,c1ccc(cc1)CBr,True,False,-2.38,-1.853,-2.83859,-2.19608,-2.95259,-2.106,-3.643
mobley_1922649,methylparathion,chosp11,COP(=S)(OC)Oc1ccc(cc1)[N+](=O)[O-],True,False,-7.19,-10.466,-7.9709,-11.0791,-10.7518,-13.05,-13.637
mobley_1923244,n-butane,ch004,CCCC,True,True,2.1,2.588,1.86422,1.77912,1.31365,2.348,1.092
mobley_1929982,hydrogen sulfide,sh00,S,True,False,-0.7,-1.135,-2.94014,-1.04859,-4.57758,-3.127,-3.529
mobley_194273,bromacil,chonbr31,CC[C@H](C)n1c(=O)c(c([nH]c1=O)C)Br,True,False,-9.73,-14.496,-14.4769,-10.2147,-12.2162,-13.664,-14.286
mobley_1944394,[2-benzhydryloxyethyl]-dimethyl-amine,chon411,CN(C)CCOC(c1ccccc1)c2ccccc2,True,True,-9.34,-7.873,-7.0233,-6.18442,-5.4432,-5.351,-5.558000000000001
mobley_1952272,nitromethane,chon101,C[N+](=O)[O-],True,True,-4.02,-2.075,-2.83267,-3.53689,-2.79528,-2.998,-3.149
mobley_1963873,N-methylacetamide,chon710,CC(=O)NC,True,True,-10.0,-8.276,-8.86721,-7.0254,-8.58373,-9.663,-10.138
mobley_1967551,acetaldehyde,cho602,CC=O,True,True,-3.5,-3.372,-4.48506,-3.82261,-5.56639,-6.277000000000001,-6.937
mobley_197466,1-cyclopropylethanone,cho550,CC(=O)C1CC1,True,True,-4.61,-3.043,-4.84475,-3.38543,-4.83052,-4.9830000000000005,-5.757
mobley_1976156,nonanal,cho609,CCCCCCCCC=O,True,True,-2.07,-2.336,-2.91204,-1.9494,-3.57202,-3.333,-5.094
mobley_1977493,1-chloropropane,chcl003,CCCCl,True,False,-0.33,0.973,-0.33592,-0.111232,-0.47762,0.1360000000000001,-0.7229999999999999
mobley_1987439,mesitylene,ch230,Cc1cc(cc(c1)C)C,True,True,-0.9,-0.553,-1.05546,-0.454687,-0.799137,0.0409999999999999,-1.491
mobley_2005792,biphenyl,ch260,c1ccc(cc1)c2ccccc2,True,True,-2.7,-3.143,-3.36853,-3.21382,-3.34068,-3.021,-4.96
mobley_2008055,ethane,ch002,CC,True,True,1.83,2.465,1.58483,1.41048,0.946109,1.76,0.8140000000000001
mobley_2023925,"2-chloro-2-(difluoromethoxy)-1,1,1-trifluoro-ethane",chofcl01,[C@@H](C(F)(F)F)(OC(F)F)Cl,True,False,0.1,-1.156,-0.445985,-0.295295,-3.94705,-4.766,-8.008
mobley_2043882,1-cyclohexylethanone,cho551,CC(=O)C1CCCCC1,True,True,-3.9,-4.003,-3.87304,-2.54708,-3.7048,-3.2510000000000003,-4.517
mobley_2049967,methylsulfanylethane,chs012,CCSC,True,False,-1.5,0.386,-1.21919,0.226437,-0.982718,-0.4909999999999996,-1.4539999999999995
mobley_20524,phenol,cho350,c1ccc(cc1)O,True,True,-6.6,-5.707,-5.06,-6.11241,-8.02315,-6.148,-7.579000000000001
mobley_2068538,propane,ch003,CCC,True,True,2.0,2.495,1.7034,1.58001,1.12003,2.053,0.939
mobley_2078467,ibuprofen,cho682,C[C@@H](c1ccc(cc1)CC(C)C)C(=O)O,True,True,-7.0,-10.857,-10.2434,-10.9895,-14.5282,-12.178,-13.862
mobley_2099370,ketoprofen,cho681,C[C@@H](c1cccc(c1)C(=O)c2ccccc2)C(=O)O,True,True,-10.78,-17.242,-16.3334,-17.7065,-21.678,-20.947,-22.31
mobley_210639,2-iodopropane,chi020,CC(C)I,True,False,-0.46,-0.492,-1.27049,0.349135,-3.0203,-1.375,-2.058
mobley_2123854,4-hydroxybenzonitrile,chon011,c1cc(ccc1C#N)O,True,True,-10.17,-8.39,-7.41383,-10.1784,-11.2377,-10.456,-10.994
mobley_2126135,2-ethylphenol,cho370,CCc1ccccc1O,True,True,-5.66,-4.768,-4.31219,-5.03739,-6.91146,-4.423,-6.384
mobley_2143011,3-methylbut-1-ene,ch132,CC(C)C=C,True,True,1.83,2.452,1.23501,1.48245,0.970985,1.824,0.388
mobley_2146331,formaldehyde,cho601,C=O,True,True,-2.75,-3.155,-3.69162,-3.91934,-5.86739,-6.869,-7.735
mobley_2178600,1-chloro-pentane,chcl005,CCCCCCl,False,False,-0.1,1.084,-0.0144752,0.237144,-0.133123,0.7149999999999999,-0.4749999999999998
mobley_2183616,sec-butylbenzene,ch212,CC[C@H](C)c1ccccc1,False,True,-0.45,-0.22,-1.07818,-0.175011,-0.52667,0.2959999999999998,-1.5649999999999995
mobley_2197088,decane,ch010,CCCCCCCCCC,True,True,3.16,3.335,2.91848,3.02248,2.51855,4.122,2.063
mobley_2198613,chloroethane,chcl002,CCCl,True,False,-0.63,0.775,-0.552755,-0.452146,-0.812795,-0.375,-1.0570000000000002
mobley_2213823,3-methylpentane,ch024,CCC(C)CC,True,True,2.51,2.613,2.14692,2.09389,1.62481,2.797,1.349
mobley_2245668,2-methylpropan-1-ol,cho130,CC(C)CO,False,True,-4.5,-3.13,-2.95749,-3.06674,-5.00348,-2.8080000000000003,-4.069
mobley_2261979,acenaphthene,ch271,c1cc2cccc3c2c(c1)CC3,False,True,-3.15,-4.198,-3.07776,-3.33028,-3.19751,-2.547,-4.164
mobley_2269032,naproxen,cho683,C[C@@H](c1ccc2cc(ccc2c1)OC)C(=O)O,True,True,-10.21,-12.199,-10.9961,-13.1193,-15.2775,-13.469,-14.964
mobley_2279874,trimethoxymethane,cho042,COC(OC)OC,True,True,-4.42,-4.625,-4.54452,-5.63668,-5.43428,-5.502,-5.131
mobley_2294995,ethyl formate,cho701,CCOC=O,True,True,-2.56,-3.867,-4.44589,-4.23319,-5.48206,-6.337,-7.209
mobley_2295058,methyl paraben,cho831,COC(=O)c1ccc(cc1)O,True,True,-9.51,-9.785,-8.1405,-10.0267,-12.4726,-11.187,-12.156
mobley_2310185,ethanol,cho102,CCO,True,True,-5.0,-3.394,-3.49758,-3.71136,-5.6162,-3.754,-4.6930000000000005
mobley_2316618,"1-(2-hydroxyethylamino)-9,10-anthraquinone",chon611,c1ccc2c(c1)C(=O)c3cccc(c3C2=O)NCCO,True,True,-14.21,-13.599,-14.8526,-13.9255,-16.0251,-15.301999999999998,-16.648
mobley_2328633,pentylcyclopentane,ch086,CCCCCC1CCCC1,True,True,2.55,2.381,2.45293,2.63282,2.29093,3.698,1.933
mobley_2341732,methyl pentanoate,cho751,CCCCC(=O)OC,True,True,-2.56,-3.492,-3.93896,-3.25219,-4.24467,-4.239000000000001,-5.284
mobley_2354112,3-ethylphenol,cho371,CCc1cccc(c1)O,True,True,-6.25,-5.272,-4.41767,-5.03392,-6.98088,-4.834,-6.356
mobley_2364370,butyl acetate,cho714,CCCCOC(=O)C,True,True,-2.64,-3.406,-4.44732,-3.4179,-4.53924,-4.667999999999999,-5.408
mobley_2371092,"3,4-dimethylpyridine",chn148,Cc1ccncc1C,True,True,-5.22,-3.201,-4.45391,-4.53999,-4.42823,-4.1770000000000005,-5.292
mobley_2390199,heptan-4-one,cho521,CCCC(=O)CCC,True,True,-2.92,-2.704,-3.39716,-2.03486,-3.33477,-2.835,-4.378
mobley_2402487,diethyl propanedioate,cho760,CCOC(=O)CC(=O)OCC,False,True,-6.0,-6.716,-9.0964,-8.46006,-9.76472,-11.137,-11.502
mobley_2410897,ethanamine,chn011,CCN,True,True,-4.5,-3.156,-2.76389,-1.1554,-0.838771,-0.891,-3.277
mobley_2422586,1-methoxypropane,cho003,CCCOC,True,True,-1.66,-0.598,-0.987116,-1.05319,-1.30244,-0.6440000000000001,-1.4529999999999998
mobley_242480,"1,4-diamino-9,10-anthracenedione",chon600,c1ccc2c(c1)C(=O)c3c(ccc(c3C2=O)N)N,True,True,-11.85,-15.252,-16.8997,-13.2855,-12.3627,-13.96,-16.782
mobley_2451097,benzonitrile,chn204,c1ccc(cc1)C#N,True,True,-4.1,-3.238,-4.35713,-5.42207,-4.60303,-5.445,-6.191000000000001
mobley_2457863,3-methoxyphenol,cho411,COc1cccc(c1)O,True,True,-7.66,-6.969,-5.90371,-7.57558,-9.20204,-7.261000000000001,-8.399999999999999
mobley_2481002,trichloro(nitro)methane,choncl22,C([N+](=O)[O-])(Cl)(Cl)Cl,False,False,-1.45,-0.379,-0.516043,-0.198253,0.526665,1.789,-0.1639999999999999
mobley_2484519,benzyl chloride,chcl090,c1ccc(cc1)CCl,True,False,-1.93,-1.742,-2.62514,-2.59937,-2.69166,-2.432,-3.897
mobley_2487143,hexan-2-one,cho506,CCCCC(=O)C,True,True,-3.28,-3.006,-4.24967,-2.72758,-4.23033,-4.063000000000001,-5.23
mobley_2489709,"1,2-dichlorobenzene",chcl102,c1ccc(c(c1)Cl)Cl,True,False,-1.36,-0.553,-1.42337,-1.79157,-1.36047,-0.863,-2.164
mobley_2492140,"1,1,1,2,2-pentachloroethane",chcl056,C(C(Cl)(Cl)Cl)(Cl)Cl,True,False,-1.23,0.059,-1.06334,-0.64337,-0.274275,0.931,-1.5259999999999998
mobley_2493732,"1,1-dichloroethylene",chcl071,C=C(Cl)Cl,True,False,0.25,1.108,-0.15377,-0.30804,-0.276351,0.298,-0.6140000000000001
mobley_2501588,profluralin,chonf26,CCC[N@@](CC1CC1)c2c(cc(cc2[N+](=O)[O-])C(F)(F)F)[N+](=O)[O-],True,False,-2.45,-1.956,-2.05691,-2.42453,-2.10475,-2.077,-3.763
mobley_2517158,1-bromoheptane,chbr007,CCCCCCCBr,True,False,0.34,1.223,0.154981,1.16712,0.119949,1.723,0.2330000000000001
mobley_2518989,dialifor,chonspcl02,CCOP(=S)(OCC)S[C@@H](CCl)N1C(=O)c2ccccc2C1=O,True,False,-5.74,-16.515,-17.1026,-15.6455,-17.9246,-20.831,-22.442
mobley_2523689,5-Amino-4-chloro-2-phenylpyridazin-3(2H)-one,choncl24,c1ccc(cc1)n2c(=O)c(c(cn2)N)Cl,False,False,-16.43,-16.039,-15.5051,-14.16,-13.0015,-15.161,-16.787000000000003
mobley_252413,"2,2-dimethylpentane",ch042,CCCC(C)(C)C,True,True,2.88,2.686,2.28365,2.27878,1.77155,3.012,1.494
mobley_2577969,pyrene,ch330,c1cc2ccc3cccc4c3c2c(c1)cc4,True,True,-4.52,-6.79,-4.74726,-5.89031,-5.18411,-4.746,-6.704000000000001
mobley_2607611,hexyl acetate,cho716,CCCCCCOC(=O)C,True,True,-2.26,-2.219,-3.31809,-2.43606,-3.36217,-3.155,-4.225
mobley_2609604,"3,3-dimethylpentane",ch043,CCC(C)(C)CC,True,True,2.56,2.593,2.26505,2.20842,1.71404,2.939,1.451
mobley_2613240,"1,2-dimethoxybenzene",cho082,COc1ccccc1OC,True,True,-5.33,-4.055,-4.45569,-5.53734,-5.15847,-4.789,-6.216
mobley_2636578,3-nitrooxypropyl nitrate,chon212,C(CO[N+](=O)[O-])CO[N+](=O)[O-],True,True,-4.8,-5.322,-4.92789,-6.7953,-4.1267,-4.031,-4.9
mobley_2659552,"N,N-4-trimethylbenzamide",chon812,Cc1ccc(cc1)C(=O)N(C)C,False,True,-9.76,-8.081,-8.48162,-7.04878,-8.4712,-9.078,-9.946
mobley_2661134,3-hydroxybenzonitrile,chon012,c1cc(cc(c1)O)C#N,True,True,-9.65,-7.739,-6.91532,-9.32659,-10.4176,-9.316,-10.122
mobley_2681549,"1,3,5-trichlorobenzene",chcl107,c1c(cc(cc1Cl)Cl)Cl,True,False,-0.78,0.326,-0.522718,-0.872876,-0.214983,0.6010000000000004,-0.9580000000000002
mobley_2689721,cyclohexane,ch076,C1CCCCC1,True,True,1.23,1.503,1.6215,1.72768,1.45995,2.562,1.196
mobley_2693089,2-isobutylpyrazine,chn162,CC(C)Cc1cnccn1,True,True,-5.04,-5.495,-6.65232,-6.36168,-6.16124,-6.2780000000000005,-8.035
mobley_2725215,nitralin,chons07,CCCN(CCC)c1c(cc(cc1[N+](=O)[O-])S(=O)(=O)C)[N+](=O)[O-],False,False,-7.98,-11.246,-7.39253,-13.9733,-11.4774,-12.398,-14.874
mobley_2725802,1-pyrrolidin-1-ylethanone,chon731,CC(=O)N1CCCC1,True,True,-9.8,-7.831,-8.14114,-5.59666,-7.23115,-7.93,-8.065
mobley_2727678,5-iodouracil,choni01,c1c(c(=O)[nH]c(=O)[nH]1)I,True,False,-18.72,-17.742,-18.2348,-14.1359,-17.676,-20.982,-20.654
mobley_2751110,4-nitrophenol,chon153,c1cc(ccc1[N+](=O)[O-])O,True,True,-10.64,-8.472,-6.17855,-9.25937,-10.1438,-8.464,-9.078
mobley_2763835,ethoxybenzene,cho083,CCOc1ccccc1,True,True,-2.22,-2.254,-2.90258,-3.02813,-2.91149,-2.433,-3.888
mobley_2771569,1-methylpiperazine,chn071,CN1CCNCC1,True,True,-7.77,-8.173,-7.02368,-6.11753,-4.21856,-4.834,-3.0660000000000003
mobley_2782339,phthalimide,chon831,c1ccc2c(c1)C(=O)NC2=O,False,True,-9.61,-11.825,-12.4311,-10.4711,-12.1478,-14.456,-15.111
mobley_2784376,cyclopropane,ch073,C1CC1,True,True,0.75,2.485,1.18976,1.24953,0.837996,1.632,0.487
mobley_2789243,3-chloropyridine,chncl033,c1cc(cnc1)Cl,True,False,-4.01,-2.767,-4.41646,-4.48067,-4.14466,-3.986,-5.385
mobley_2792521,(2E)-hex-2-enal,cho621,CCC/C=C/C=O,True,True,-3.68,-3.123,-4.5269,-3.42936,-5.10333,-5.516,-6.573
mobley_2802855,1-bromobutane,chbr004,CCCCBr,True,False,-0.4,0.705,-0.412074,0.501321,-0.532461,0.7509999999999999,-0.2989999999999999
mobley_282648,naphthalene,ch300,c1ccc2ccccc2c1,False,True,-2.4,-3.213,-2.97693,-3.16852,-3.18849,-2.773,-4.589
mobley_2837389,pyrrole,chn130,c1cc[nH]c1,True,True,-4.78,-4.014,-5.43569,-4.12816,-4.43881,-4.81,-6.364
mobley_2844990,"1,2,3,7-tetrachlorodibenzo-p-dioxin",chocl042,c1cc2c(cc1Cl)Oc3cc(c(c(c3O2)Cl)Cl)Cl,False,False,-3.84,-2.66,-2.40379,-3.61894,-1.51706,-0.367,-2.501
mobley_2845466,"2,3,7,8-tetrachlorodibenzo-p-dioxin",chocl043,c1c2c(cc(c1Cl)Cl)Oc3cc(c(cc3O2)Cl)Cl,True,False,-3.37,-2.54,-2.15698,-3.62975,-1.41162,-0.1479999999999997,-2.438
mobley_2850833,2-hydroxybenzaldehyde,cho650,c1ccc(c(c1)C=O)O,False,True,-4.68,-8.809,-8.1745,-8.8229,-12.0556,-10.494,-11.946
mobley_2859600,styrene,ch251,C=Cc1ccccc1,True,True,-1.24,-1.078,-2.152,-1.55695,-1.92444,-1.4969999999999994,-3.25
mobley_2864987,pentan-2-ol,cho142,CCC[C@@H](C)O,True,True,-4.39,-2.945,-2.5708,-2.54335,-4.11972,-2.105,-3.514
mobley_2881590,isobutyl nitrate,chon203,CC(C)CO[N+](=O)[O-],False,True,-1.88,-1.835,-1.83761,-2.38699,-1.38631,-0.8809999999999998,-1.661
mobley_2913224,acetylsalicylic acid,cho680,CC(=O)Oc1ccccc1C(=O)O,True,True,-9.94,-9.399,-9.41755,-11.0994,-14.8108,-12.553,-13.765
mobley_2923700,4-ethylphenol,cho372,CCc1ccc(cc1)O,True,True,-6.13,-5.453,-4.28096,-5.37761,-7.28605,-5.236,-6.699999999999999
mobley_2925352,p-cresol,cho354,Cc1ccc(cc1)O,True,True,-6.13,-5.579,-4.56342,-5.73784,-7.64695,-5.67,-7.054
mobley_2929847,3-methylbutanoic acid,cho675,CC(C)CC(=O)O,True,True,-6.09,-8.844,-7.55965,-8.48621,-11.9917,-9.69,-10.241
mobley_2958326,N-propylpropan-1-amine,chn032,CCCNCCC,True,True,-3.65,-2.233,-1.81251,-1.38743,-0.687282,-0.7080000000000002,-1.2779999999999998
mobley_2960202,"1,2,3,4,7,8-hexachlorodibenzo-p-dioxin",chocl044,c1c2c(cc(c1Cl)Cl)Oc3c(c(c(c(c3Cl)Cl)Cl)Cl)O2,True,False,-3.71,-1.878,-2.06332,-1.88443,0.247824,2.099,-0.3420000000000001
mobley_296847,pyridine,chn140,c1ccncc1,True,True,-4.69,-3.508,-4.80417,-5.19547,-5.02207,-5.032,-6.3020000000000005
mobley_2972345,"9,10-dihydroanthracene",ch272,c1ccc2c(c1)Cc3ccccc3C2,True,True,-3.78,-4.304,-3.55265,-3.33095,-3.22477,-2.5729999999999995,-4.531000000000001
mobley_2972906,thiophene,chs031,c1ccsc1,True,False,-1.4,-0.359,-2.35133,-0.814638,-1.49848,-1.053,-2.2910000000000004
mobley_299266,2-methylprop-1-ene,ch130,CC(=C)C,True,True,1.16,2.327,0.988937,1.11506,0.614294,1.455,0.1459999999999999
mobley_2996632,chloroform,chcl033,C(Cl)(Cl)Cl,True,False,-1.08,0.285,-0.666442,-0.824977,-0.784598,-0.0689999999999999,-1.6729999999999998
mobley_3006808,"2,2,2-trifluoroethanol",chof001,C(C(F)(F)F)O,True,False,-4.31,-3.809,-3.20438,-4.62461,-9.77372,-7.677999999999999,-8.711
mobley_303222,prop-1-ene,ch103,CC=C,False,True,1.32,2.328,0.735927,0.979696,0.457816,1.142,-0.0569999999999999
mobley_3034976,acetic acid,cho670,CC(=O)O,True,True,-6.69,-7.281,-8.97106,-9.75254,-13.4748,-11.94,-11.855
mobley_3040612,1-ethyl-2-methylbenzene,ch240,CCc1ccccc1C,True,True,-0.85,-0.761,-1.34506,-0.611056,-0.925864,-0.0820000000000003,-1.745
mobley_3047364,"2-N-ethyl-6-(methylsulfanyl)-4-N-(propan-2-yl)-1,3,5-triazine-2,4-diamine",chns001,CCNc1nc(nc(n1)SC)NC(C)C,True,False,-7.65,-10.552,-13.5122,-10.5162,-8.7222,-9.675,-9.742
mobley_3053621,benzene,ch200,c1ccccc1,True,True,-0.9,-0.806,-1.75629,-1.42557,-1.75567,-1.2439999999999998,-2.9399999999999995
mobley_3060426,"2,2,5-trimethylhexane",ch051,CC(C)CCC(C)(C)C,True,True,2.93,2.97,2.63907,2.67309,2.13476,3.508,1.81
mobley_3083321,dimethoxymethane,cho041,COCOC,True,True,-2.93,-3.221,-2.99426,-3.25283,-3.26924,-3.357,-3.555
mobley_3105103,terbacil,choncl25,Cc1c(c(=O)n(c(=O)[nH]1)C(C)(C)C)Cl,True,False,-11.14,-13.769,-13.9969,-9.59913,-10.7931,-12.390999999999998,-12.292
mobley_313406,propan-1-ol,cho103,CCCO,True,True,-4.85,-3.33,-3.33427,-3.44245,-5.40434,-3.394,-4.409000000000001
mobley_3144334,"2,5-dimethylphenol",cho363,Cc1ccc(c(c1)O)C,True,True,-5.91,-5.014,-4.30714,-5.0985,-7.01664,-4.541,-6.26
mobley_3151666,decan-1-ol,cho110,CCCCCCCCCCO,True,True,-3.64,-2.446,-2.09909,-1.99121,-4.00587,-1.332,-3.2139999999999995
mobley_3167746,octane,ch008,CCCCCCCC,True,True,2.88,3.088,2.5646,2.60951,2.11479,3.526,1.736
mobley_3169935,2-chloroaniline,chncl002,c1ccc(c(c1)N)Cl,True,False,-4.91,-4.847,-7.0248,-5.41284,-4.36802,-4.861,-7.1930000000000005
mobley_3183805,"1,2,4-trimethylbenzene",ch231,Cc1ccc(c(c1)C)C,True,True,-0.86,-0.795,-1.18579,-0.601092,-0.910305,-0.0619999999999998,-1.5759999999999998
mobley_3187514,2-methylaniline,chn111,Cc1ccccc1N,True,True,-5.53,-5.325,-6.689,-5.0237,-4.4052,-4.755,-7.146999999999999
mobley_3201701,pirimor,chon852,Cc1c(nc(nc1OC(=O)N(C)C)N(C)C)C,True,True,-9.41,-13.87,-14.251,-12.4405,-11.9499,-12.345,-13.113
mobley_3210206,"1,2-dinitroxypropane",chon213,C[C@@H](CO[N+](=O)[O-])O[N+](=O)[O-],True,True,-4.95,-5.646,-5.50793,-7.45565,-4.82255,-4.880999999999999,-5.277
mobley_3211679,cyclohexene,ch171,C1CCC=CC1,True,True,0.14,1.175,0.532738,0.9559,0.701361,1.638,0.1869999999999998
mobley_3234716,p-xylene,ch224,Cc1ccc(cc1)C,False,True,-0.8,-0.658,-1.48351,-0.783307,-1.11664,-0.3879999999999999,-1.986
mobley_3259411,glycerol,cho203,C(C(CO)O)O,True,True,-13.43,-10.14,-12.3071,-13.0406,-17.8482,-13.638,-14.259
mobley_3264884,naphthalen-2-amine,chn101,c1ccc2cc(ccc2c1)N,True,True,-7.47,-8.003,-8.97363,-7.11554,-6.17629,-6.896,-9.37
mobley_3265457,2-chlorosyringaldehyde,chocl060,COc1cc(c(c(c1O)OC)Cl)C=O,True,False,-7.78,-8.292,-9.22536,-11.0125,-12.8871,-11.556,-13.662
mobley_3266352,"N-methyl-N-(2,2,2-trifluoroethyl)aniline",chnf002,CN(CC(F)(F)F)c1ccccc1,True,False,-1.92,-3.964,-5.60085,-3.26379,-5.8345,-6.219,-6.957
mobley_3269565,2-methoxypropane,cho020,CC(C)OC,True,True,-2.01,-0.657,-0.920562,-1.13631,-1.37636,-0.7210000000000001,-1.437
mobley_3269819,"1,2,3,4-tetrachloro-5-(3,4,5-trichlorophenyl)benzene",chcl126,c1c(cc(c(c1Cl)Cl)Cl)c2cc(c(c(c2Cl)Cl)Cl)Cl,True,False,-3.17,-0.822,-2.31716,-1.68438,0.12063,1.86,-0.593
mobley_3274817,"2-[(1R)-1-methylpropyl]-4,6-dinitro-phenolate",chon154,CC[C@@H](C)c1cc(cc(c1O)[N+](=O)[O-])[N+](=O)[O-],True,True,-6.23,-5.378,-3.60869,-6.69444,-6.4982,-3.46,-5.391
mobley_3318135,nonan-5-one,cho522,CCCCC(=O)CCCC,True,True,-2.64,-2.364,-2.97567,-1.58225,-2.89825,-2.159,-3.966
mobley_3323117,sulfolane,chos011,C1CC[S+2](C1)([O-])[O-],True,False,-8.61,-9.624,-11.0391,-10.5289,-10.5117,-11.536,-11.634
mobley_3325209,trimethoxymethylbenzene,cho060,COC(c1ccccc1)(OC)OC,True,True,-4.04,-5.559,-5.70588,-6.64135,-6.10414,-5.059,-5.906000000000001
mobley_3359593,4-propylguaiacol,cho414,CCCc1ccc(c(c1)OC)O,True,True,-5.26,-4.127,-3.98932,-5.20993,-6.42043,-4.454000000000001,-5.871
mobley_3370989,"1,1-difluoroethane",chf021,CC(F)F,True,False,-0.11,0.226,-1.13449,0.315228,-2.31658,-2.542,-3.156
mobley_337666,5-fluorouracil,chonf22,c1c(c(=O)[nH]c(=O)[nH]1)F,True,False,-16.92,-16.371,-17.5375,-14.2034,-17.3403,-21.404,-20.52
mobley_3378420,nonan-1-ol,cho109,CCCCCCCCCO,True,True,-3.88,-2.564,-2.30847,-2.24879,-4.20869,-1.6150000000000002,-3.4150000000000005
mobley_3395921,tetrahydropyran,cho051,C1CCOCC1,True,True,-3.12,-1.809,-1.46084,-1.45809,-1.51698,-0.907,-1.386
mobley_3398536,iodobenzene,chi100,c1ccc(cc1)I,True,False,-1.74,-1.057,-1.37084,-0.463833,-2.20109,-1.3129999999999995,-2.6179999999999994
mobley_3414356,2-methylpentan-2-ol,cho162,CCCC(C)(C)O,True,True,-3.92,-2.779,-2.26997,-2.14173,-3.46184,-1.656,-3.1370000000000005
mobley_3425174,chloro-fluoro-methane,chfcl001,C(F)Cl,False,False,-0.77,-0.171,-1.07941,-1.07919,-2.51867,-2.663,-3.5700000000000003
mobley_3452749,"1,2,3-trimethylbenzene",ch232,Cc1cccc(c1C)C,True,True,-1.21,-0.883,-1.2888,-0.721355,-1.00181,-0.1360000000000001,-1.633
mobley_349850,1-(p-tolyl)ethanone,cho571,Cc1ccc(cc1)C(=O)C,True,True,-4.7,-4.91,-6.00335,-5.08732,-6.24795,-6.505000000000001,-7.742999999999999
mobley_3515580,2-methoxyphenol,cho410,COc1ccccc1O,True,True,-5.94,-4.746,-5.00766,-6.28411,-7.69278,-5.766,-7.055
mobley_352111,2-acetoxyethyl acetate,cho780,CC(=O)OCCOC(=O)C,False,True,-6.34,-8.292,-10.2369,-8.94347,-10.4185,-12.242,-12.176
mobley_3525176,pentylbenzene,ch205,CCCCCc1ccccc1,True,True,-0.23,-0.094,-1.05596,-0.0397684,-0.421059,0.5590000000000002,-1.5199999999999998
mobley_3546460,hexan-1-ol,cho106,CCCCCCO,True,True,-4.4,-3.0,-2.75108,-2.81291,-4.77228,-2.457,-3.829
mobley_3572203,pentyl propanoate,cho735,CCCCCOC(=O)CC,True,True,-2.11,-2.176,-2.93872,-2.15562,-2.91517,-2.452,-3.7239999999999993
mobley_3573480,heptan-2-one,cho507,CCCCCC(=O)C,True,True,-3.04,-2.945,-4.0349,-2.4956,-3.97811,-3.739,-4.941
mobley_3589456,"2-chloro-1,1,1-trimethoxy-ethane",chocl002,COC(CCl)(OC)OC,True,False,-4.59,-3.638,-4.9314,-6.06873,-5.70146,-5.035,-5.5
mobley_36119,octan-1-ol,cho108,CCCCCCCCO,True,True,-4.09,-2.69,-2.43375,-2.42155,-4.38816,-1.889,-3.52
mobley_3639400,1-chlorobutane,chcl004,CCCCCl,True,False,-0.16,0.993,-0.180725,0.078599,-0.29635,0.4380000000000001,-0.567
mobley_3663158,naphthalen-2-ol,cho382,c1ccc2cc(ccc2c1)O,True,True,-8.11,-7.849,-5.76025,-7.41635,-9.05962,-7.174,-8.756
mobley_3682850,cyclohexanone,cho541,C1CCC(=O)CC1,True,True,-4.91,-4.18,-4.80414,-3.19085,-4.61091,-4.606,-5.242999999999999
mobley_3686115,"1,1-diethoxyethane",cho043,CCOC(C)OCC,True,True,-3.28,-1.795,-2.54119,-3.10348,-2.91009,-2.187,-2.654
mobley_3690931,propyl butanoate,cho743,CCCC(=O)OCCC,True,True,-2.28,-2.754,-3.40136,-2.54764,-3.43541,-3.136000000000001,-4.238
mobley_3709920,non-1-ene,ch109,CCCCCCCC=C,True,True,2.06,2.995,1.93711,2.33978,1.81549,3.037,1.043
mobley_3715043,"1,4-dimethylnaphthalene",ch302,Cc1ccc(c2c1cccc2)C,True,True,-2.82,-3.081,-2.41459,-2.56703,-2.5709,-1.841,-3.5409999999999995
mobley_3727287,quinone,cho563,C1=CC(=O)C=CC1=O,True,True,-6.5,-6.96,-8.87193,-7.70803,-9.19807,-10.569,-11.438
mobley_3738859,1-bromo-pentane,chbr005,CCCCCBr,True,False,-0.1,0.824,-0.204921,0.740226,-0.297899,1.106,-0.1059999999999998
mobley_3746675,isopropenylbenzene,ch252,CC(=C)c1ccccc1,True,True,-1.24,-0.651,-1.56209,-1.00473,-1.35657,-0.7430000000000003,-2.662
mobley_3761215,"1,1,1-trichloroethane",chcl052,CC(Cl)(Cl)Cl,True,False,-0.19,0.505,-1.01339,-0.574444,-0.574862,0.2559999999999998,-0.9960000000000002
mobley_3762186,dichloromethane,chcl032,C(Cl)Cl,True,False,-1.31,0.038,-1.0941,-1.38311,-1.50151,-1.1939999999999995,-2.137
mobley_3775790,1-methylpyrrole,chn131,Cn1cccc1,True,True,-2.89,-2.374,-3.72112,-2.31487,-2.83423,-2.6060000000000003,-4.087
mobley_3777264,3-nitroaniline,chon142,c1cc(cc(c1)[N+](=O)[O-])N,True,True,-8.84,-8.204,-9.68762,-8.43913,-6.28067,-7.702,-8.952
mobley_3802803,hexyl nitrate,chon202,CCCCCCO[N+](=O)[O-],True,True,-1.66,-1.596,-1.57366,-2.12569,-1.15759,-0.4170000000000002,-1.4440000000000002
mobley_3843583,naphthalen-1-amine,chn100,c1ccc2c(c1)cccc2N,True,True,-7.28,-7.777,-8.42742,-7.15087,-6.20454,-6.741999999999999,-9.178
mobley_3867265,acetone,cho503,CC(=O)C,False,True,-3.8,-3.506,-5.1276,-3.77384,-5.39714,-5.801,-6.288
mobley_3968043,cyclopentanone,cho540,C1CCC(=O)C1,True,True,-4.7,-3.889,-4.89176,-3.22784,-4.62444,-4.7620000000000005,-5.313
mobley_3968739,methyl benzoate,cho800,COC(=O)c1ccccc1,True,True,-3.92,-4.921,-5.28305,-5.5199,-6.07176,-6.568999999999999,-7.645
mobley_3969312,benzaldehyde,cho640,c1ccc(cc1)C=O,True,True,-4.02,-5.058,-5.96932,-5.31384,-6.62393,-7.296000000000001,-8.749
mobley_397645,ethyl benzoate,cho810,CCOC(=O)c1ccccc1,True,True,-3.64,-4.597,-5.18154,-5.05235,-5.5929,-5.882,-7.053
mobley_3976574,"1,2,3,4,7-pentachlorodibenzo-p-dioxin",chocl045,c1cc2c(cc1Cl)Oc3c(c(c(c(c3Cl)Cl)Cl)Cl)O2,True,False,-4.15,-2.31,-2.18143,-2.59,-0.56341,0.9000000000000004,-1.314
mobley_3980099,"1,2,3-trichlorobenzene",chcl105,c1cc(c(c(c1)Cl)Cl)Cl,True,False,-1.24,-0.51,-1.3634,-1.59966,-0.91786,-0.2329999999999996,-1.543
mobley_3982371,methyl acetate,cho711,CC(=O)OC,True,True,-3.13,-3.83,-4.87465,-4.21666,-5.32551,-5.976000000000001,-6.377
mobley_3999471,"1,1-dichloroethane",chcl050,CC(Cl)Cl,True,False,-0.84,0.187,-1.22921,-1.14971,-1.27666,-0.8080000000000003,-1.7140000000000002
mobley_4013838,"2,4-dimethylpentan-3-one",cho533,CC(C)C(=O)C(C)C,True,True,-2.74,-2.629,-3.10058,-2.11109,-3.45786,-2.677,-4.404
mobley_4035953,o-cresol,cho352,Cc1ccccc1O,True,True,-5.9,-5.076,-4.67849,-5.4481,-7.32407,-5.009,-6.765
mobley_4039055,5-bromouracil,chonbr30,c1c(c(=O)[nH]c(=O)[nH]1)Br,False,False,-18.17,-17.298,-18.5222,-14.699,-16.926,-20.386,-19.947
mobley_4043951,pent-1-ene,ch105,CCCC=C,True,True,1.68,2.532,1.1913,1.46041,0.945712,1.7999999999999998,0.3730000000000001
mobley_4043987,2-methylhexane,ch023,CCCCC(C)C,True,True,2.93,2.894,2.35508,2.34462,1.85463,3.133,1.539
mobley_4059279,"1,4-dimethylpiperazine",chn004,CN1CCN(CC1)C,False,True,-7.58,-7.874,-5.68754,-5.11088,-3.68537,-3.957,-0.3680000000000001
mobley_4149784,"2,7-dichlorodibenzo-p-dioxin",chocl046,c1cc2c(cc1Cl)Oc3ccc(cc3O2)Cl,True,False,-3.67,-3.321,-2.61002,-5.00793,-3.09537,-2.5,-4.4110000000000005
mobley_4177472,"2,3,4-trimethylpentane",ch033,CC(C)C(C)C(C)C,True,True,2.56,2.674,2.48061,2.41431,1.90077,3.16,1.621
mobley_4188615,"N,N-dimethylbenzamide",chon811,CN(C)C(=O)c1ccccc1,True,True,-9.29,-8.113,-8.59344,-7.24523,-8.61467,-9.196,-10.217
mobley_4193752,nitrobenzene,chon120,c1ccc(cc1)[N+](=O)[O-],False,True,-4.12,-3.46,-3.40074,-4.6225,-3.50505,-3.712,-4.508
mobley_4218209,4-methoxyaniline,chon500,COc1ccc(cc1)N,True,True,-7.48,-7.016,-8.69615,-7.35921,-6.40956,-7.179,-9.281
mobley_4219614,"1,2,3,4-tetrachlorobenzene",chcl108,c1cc(c(c(c1Cl)Cl)Cl)Cl,True,False,-1.34,-0.304,-1.20981,-1.09878,-0.257251,0.7410000000000001,-0.7270000000000001
mobley_4252724,isobutylbenzene,ch213,CC(C)Cc1ccccc1,True,True,0.16,-0.257,-1.20211,-0.216707,-0.559973,0.2450000000000001,-1.645
mobley_4287564,2-methylpyridine,chn141,Cc1ccccn1,True,True,-4.63,-3.501,-4.2938,-4.96656,-4.68447,-4.2940000000000005,-5.762
mobley_4291494,2-chloropyridine,chncl032,c1ccnc(c1)Cl,True,False,-4.39,-3.873,-5.00659,-5.64226,-5.18593,-5.155,-6.463
mobley_430089,pent-1-yne,ch405,CCCC#C,False,True,0.01,0.47,0.666459,0.375423,-0.0355207,0.71,-0.7050000000000001
mobley_4305650,propanenitrile,chn201,CCC#N,True,True,-3.84,-2.491,-3.98283,-4.40698,-4.17168,-4.84,-5.085
mobley_4338603,6-chlorouracil,choncl18,c1c(=O)[nH]c(=O)[nH]c1Cl,True,False,-15.83,-15.128,-16.0786,-12.7274,-14.7955,-17.948,-17.84
mobley_4364398,iodomethane,chi001,CI,True,False,-0.89,-0.641,-1.35683,-0.142538,-3.32275,-2.244,-2.677
mobley_4371692,"1-amino-4-hydroxy-9,10-anthracenedione",chon621,c1ccc2c(c1)C(=O)c3c(ccc(c3C2=O)O)N,True,True,-9.53,-10.984,-17.0646,-16.0648,-18.0566,-17.503,-19.345
mobley_4375719,nonane,ch009,CCCCCCCCC,True,True,3.13,3.221,2.74115,2.81726,2.31727,3.817,1.9
mobley_4395315,4-chloro-3-methyl-phenol,chocl025,Cc1cc(ccc1Cl)O,True,False,-6.79,-5.14,-3.95704,-5.57017,-7.21648,-5.0600000000000005,-6.346
mobley_4434915,chloromethane,chcl001,CCl,False,False,-0.55,0.764,-0.494639,-0.567071,-0.939931,-0.6479999999999999,-1.2080000000000002
mobley_4463913,1-acetoxyethyl acetate,cho781,CC(OC(=O)C)OC(=O)C,True,True,-4.97,-8.006,-9.64454,-7.81905,-9.34982,-10.849,-10.997
mobley_4465023,"(Z)-1,2-dichloroethylene",chcl073,C(=C\Cl)\Cl,True,False,-1.17,1.156,-1.10162,-1.58374,-1.49105,-1.23,-2.137
mobley_4479135,"1,1-diphenylethene",ch250,C=C(c1ccccc1)c2ccccc2,True,True,-2.78,-2.47,-3.43834,-2.6631,-2.90755,-2.6350000000000007,-5.049
mobley_4483973,fluorobenzene,chf101,c1ccc(cc1)F,False,False,-0.8,-0.041,-0.991966,-0.724339,-1.70512,-1.456,-2.7
mobley_4494568,1-bromo-4-methyl-benzene,chbr042,Cc1ccc(cc1)Br,True,False,-1.39,-0.894,-1.61356,-1.08663,-1.50682,-0.7149999999999999,-2.147
mobley_4506634,"2-bromo-2-chloro-1,1,1-trifluoro-ethane",chfclbr01,[C@@H](C(F)(F)F)(Cl)Br,True,False,-0.11,0.206,-0.0680314,0.736852,-1.19719,-0.4490000000000003,-3.233
mobley_4553008,"1,4-dichlorobenzene",chcl104,c1cc(ccc1Cl)Cl,False,False,-1.01,-0.19,-1.03525,-1.60231,-1.14908,-0.653,-2.029
mobley_4561957,"2,3-dimethylbutane",ch030,CC(C)C(C)C,False,True,2.34,2.468,2.12143,2.04397,1.5672,2.731,1.3119999999999998
mobley_4584540,"2,6-dimethylpyridine",chn147,Cc1cccc(n1)C,True,True,-4.59,-3.443,-3.76755,-4.7434,-4.28572,-3.575,-5.167
mobley_4587267,"(2R,3R,4R,5R)-Hexan-1,2,3,4,5,6-hexol",cho211,C([C@H]([C@H]([C@@H]([C@@H](CO)O)O)O)O)O,True,True,-23.62,-18.162,-20.4906,-22.5047,-31.9107,-22.823,-22.502
mobley_4603202,1-chloro-2-(2-chloroethoxy)ethane,chocl001,C(CCl)OCCCl,True,False,-4.23,-2.248,-4.72732,-4.98006,-4.83936,-5.005999999999999,-5.769
mobley_4609460,ethyl paraben,cho832,CCOC(=O)c1ccc(cc1)O,False,True,-9.2,-9.535,-8.09403,-9.61,-12.057,-10.594,-11.634
mobley_4613090,1-benzylimidazole,chn173,c1ccc(cc1)Cn2ccnc2,True,True,-7.63,-7.997,-9.20296,-9.17464,-8.85897,-9.493,-10.636
mobley_4620651,methyl cyclopropanecarboxylate,cho770,COC(=O)C1CC1,True,True,-4.1,-3.604,-4.24361,-3.8208,-4.72123,-5.077999999999999,-5.744
mobley_4630641,"1,2-dimethoxyethane",cho031,COCCOC,True,True,-4.84,-3.103,-4.03237,-4.38188,-4.42806,-4.284000000000001,-4.612
mobley_4639255,ethylene glycol,cho202,C(CO)O,True,True,-9.3,-7.266,-9.47761,-10.2154,-13.8859,-10.744,-11.607
mobley_4678740,m-bis(trifluoromethyl)benzene,chf041,c1cc(cc(c1)C(F)(F)F)C(F)(F)F,True,False,1.07,-0.34,0.553735,-0.157097,-3.6782,-3.964,-6.793000000000001
mobley_4683624,4-propylphenol,cho373,CCCc1ccc(cc1)O,True,True,-5.21,-5.211,-4.05178,-5.12133,-7.05455,-4.915,-6.461
mobley_4687447,2-propoxyethanol,cho403,CCCOCCO,True,True,-6.4,-3.94,-6.63104,-7.24782,-9.00201,-7.105999999999999,-7.712999999999999
mobley_468867,heptachlor,chcl080,C1=C[C@@H]([C@@H]2[C@H]1[C@@]3(C(=C([C@]2(C3(Cl)Cl)Cl)Cl)Cl)Cl)Cl,True,False,-2.55,-0.974,-2.89953,-1.93859,-0.774127,0.6020000000000003,-1.496
mobley_4690963,"1,2-diethoxyethane",cho032,CCOCCOCC,True,True,-3.54,-3.42,-3.63535,-4.08958,-3.96239,-3.424,-3.822
mobley_4694328,octanal,cho608,CCCCCCCC=O,True,True,-2.29,-2.57,-3.08679,-2.16333,-3.76334,-3.619,-5.239
mobley_4699732,"1,2-dichloropropane",chcl041,C[C@@H](CCl)Cl,False,False,-1.27,-0.265,-2.01044,-1.91256,-2.0394,-1.6229999999999998,-2.537
mobley_4715906,"1,2-dimethylcyclohexane",ch085,C[C@@H]1CCCC[C@@H]1C,True,True,1.58,1.685,1.97013,2.0703,1.76431,2.971,1.521
mobley_4759887,1-iodoheptane,chi007,CCCCCCCI,True,False,0.27,0.228,-0.363491,1.3506,-1.93516,0.1669999999999998,-1.245
mobley_4762983,hept-1-ene,ch107,CCCCCC=C,False,True,1.66,2.761,1.54537,1.88402,1.35079,2.399,0.7079999999999999
mobley_4780078,"2,4-dimethylphenol",cho362,Cc1ccc(c(c1)C)O,True,True,-6.01,-4.98,-4.22686,-5.07957,-6.97794,-4.54,-6.242000000000001
mobley_4792268,pentanoic acid,cho673,CCCCC(=O)O,True,True,-6.16,-9.053,-8.06405,-8.96362,-12.6951,-10.263,-11.085
mobley_4845722,hexachlorobenzene,chcl100,c1(c(c(c(c(c1Cl)Cl)Cl)Cl)Cl)Cl,True,False,-2.33,0.379,-0.775936,0.740188,1.55517,3.367,1.513
mobley_4850657,methanesulfonyl chloride,choscl02,CS(=O)(=O)Cl,False,False,-4.87,-6.219,-3.91525,-9.34169,-9.87647,-10.664,-15.924
mobley_486214,"2,6-dimethoxyphenol",cho412,COc1cccc(c1O)OC,False,True,-6.96,-7.393,-6.4621,-8.77556,-9.9374,-7.790999999999999,-9.277
mobley_4883284,aniline,chn110,c1ccc(cc1)N,True,True,-5.49,-5.543,-7.43596,-5.40238,-4.7797,-5.353,-7.889
mobley_4884177,3-ethylpyridine,chn151,CCc1cccnc1,True,True,-4.59,-2.965,-4.44187,-4.41861,-4.3041,-3.963000000000001,-5.25
mobley_4893032,pentanenitrile,chn203,CCCCC#N,True,True,-3.52,-2.147,-3.52263,-3.90089,-3.68186,-3.983,-4.622999999999999
mobley_4924862,isopentyl formate,cho705,CC(C)CCOC=O,False,True,-2.13,-3.414,-3.78636,-3.46643,-4.73686,-5.235000000000001,-6.383
mobley_49274,hept-1-yne,ch407,CCCCCC#C,True,True,0.6,0.639,1.02238,0.796587,0.371253,1.3310000000000002,-0.3599999999999999
mobley_4934872,diethoxymethoxybenzene,cho081,CCOC(OCC)Oc1ccccc1,True,True,-5.23,-5.203,-4.96861,-6.01361,-5.37755,-4.897000000000001,-5.564
mobley_4936555,"2-(2,3-dimethylphenyl)aminobenzoic acid",chon511,Cc1cccc(c1C)Nc2ccccc2C(=O)O,True,True,-6.78,-7.665,-9.44856,-9.0256,-12.9509,-10.766,-12.175
mobley_4964807,nitroxyacetone,chon231,CC(=O)CO[N+](=O)[O-],True,True,-5.99,-5.362,-7.2725,-8.47186,-8.26693,-8.979,-9.502
mobley_4983965,ethylsulfanylethane,chs013,CCSCC,True,False,-1.46,0.299,-1.17051,0.39826,-0.813754,-0.197,-1.3460000000000003
mobley_5003962,"2-amino-9,10-anthraquinone",chon602,c1ccc2c(c1)C(=O)c3ccc(cc3C2=O)N,True,True,-11.53,-13.895,-15.9538,-12.2513,-12.074,-14.322000000000005,-16.368000000000002
mobley_5006685,4-(1-Methylethenyl)-1-cyclohexene-1-carboxaldehyde,cho631,CC(=C)[C@H]1CCC(=CC1)C=O,True,True,-4.09,-3.591,-4.8502,-3.14276,-4.5464,-4.811999999999999,-6.16
mobley_5026370,pyridine-4-carbonitrile,chn205,c1cnccc1C#N,True,True,-6.02,-5.765,-8.4018,-8.31284,-7.36309,-8.478,-9.334
mobley_5052949,1-propylsulfanylpropane,chs014,CCCSCCC,False,False,-1.28,0.64,-0.724745,1.02436,-0.220615,0.597,-0.7439999999999998
mobley_5056289,2-methyltetrahydrofuran,cho053,C[C@H]1CCCO1,True,True,-3.3,-1.984,-1.68205,-1.71277,-1.74864,-1.061,-1.562
mobley_5063386,2-nitrophenol,chon151,c1ccc(c(c1)[N+](=O)[O-])O,True,True,-4.58,-5.667,-6.84409,-10.1749,-11.2873,-9.325,-9.85
mobley_5072416,2-methoxyaniline,chon501,COc1ccccc1N,True,True,-6.12,-6.771,-8.0781,-6.82336,-5.84548,-6.319000000000001,-8.772
mobley_5076071,"1-N,1-N-diethyl-2,6-dinitro-4-(trifluoromethyl)benzene-1,3-diamine",chonf25,CCN(CC)c1c(cc(c(c1[N+](=O)[O-])N)C(F)(F)F)[N+](=O)[O-],True,False,-5.66,-7.503,-5.56159,-6.99077,-5.75759,-6.7010000000000005,-7.481
mobley_5079234,heptan-1-ol,cho107,CCCCCCCO,True,True,-4.21,-2.917,-2.61289,-2.59802,-4.58149,-2.223,-3.689
mobley_5094777,indane,ch270,c1ccc2c(c1)CCC2,True,True,-1.46,-1.752,-1.8133,-1.12808,-1.26337,-0.5060000000000002,-2.074
mobley_5110043,"2,6-dimethylnaphthalene",ch303,Cc1ccc2cc(ccc2c1)C,True,True,-2.63,-2.848,-2.44192,-2.39904,-2.45856,-1.809,-3.5250000000000004
mobley_511661,butadiene,ch150,C=CC=C,True,True,0.56,1.955,-0.0290425,0.523721,-0.0848311,0.3790000000000002,-0.928
mobley_5123639,4-methylpentan-2-ol,cho151,C[C@H](CC(C)C)O,True,True,-3.73,-2.907,-2.67156,-2.61162,-4.23835,-2.3150000000000004,-3.48
mobley_5157661,isobutane,ch020,CC(C)C,True,True,2.3,2.535,1.84093,1.75318,1.27798,2.301,1.061
mobley_5200358,aldicarb,chons03,CC(C)(/C=N\OC(=O)NC)SC,True,False,-9.84,-9.679,-11.6594,-9.03768,-10.2508,-11.128,-11.571
mobley_5220185,2-ethylpyrazine,chn161,CCc1cnccn1,True,True,-5.45,-5.809,-7.24029,-7.14591,-6.97596,-7.269,-8.649000000000001
mobley_525934,methanethiol,chs050,CS,True,False,-1.2,-0.273,-2.03832,-0.364978,-2.43745,-1.803,-2.368
mobley_5263791,1-ethylnaphthalene,ch304,CCc1cccc2c1cccc2,True,True,-2.4,-2.961,-2.44867,-2.47181,-2.50642,-1.8090000000000008,-3.678
mobley_52782,"1,2-dinitroxyethane",chon211,C(CO[N+](=O)[O-])O[N+](=O)[O-],True,True,-5.73,-6.227,-5.40157,-7.8555,-5.15276,-5.475,-6.087
mobley_5282042,Amitriptyline,chn125,CN(C)CCC=C1c2ccccc2CCc3c1cccc3,False,True,-7.43,-7.349,-6.95223,-5.62005,-4.79824,-4.373,-4.827999999999999
mobley_5286200,"1,4-dichlorobutane",chcl043,C(CCCl)CCl,True,False,-2.32,-0.404,-2.26542,-1.73982,-1.93868,-1.448,-2.343
mobley_5310099,hex-1-ene,ch106,CCCCC=C,True,True,1.58,2.628,1.36726,1.66878,1.14342,2.1020000000000003,0.5449999999999999
mobley_5311804,phenylmethanol,cho171,c1ccc(cc1)CO,True,True,-6.62,-5.133,-5.99835,-6.42277,-8.36593,-6.402999999999999,-7.995999999999999
mobley_5326154,"N,N-dimethylaniline",chn115,CN(C)c1ccccc1,True,True,-3.45,-4.426,-5.18983,-3.48933,-3.86472,-3.732,-4.517
mobley_5346580,"3,3-dimethylbutan-2-one",cho531,CC(=O)C(C)(C)C,True,True,-3.11,-3.234,-4.00999,-2.79663,-4.27714,-4.029999999999999,-5.052
mobley_5347550,"2,2-dichloro-1,1-difluoro-1-methoxy-ethane",chofcl02,COC(C(Cl)Cl)(F)F,True,False,-1.12,-0.685,-0.751287,-1.10932,-2.10595,-1.886,-3.349
mobley_5371840,2-chlorodibenzo-p-dioxin,chocl047,c1ccc2c(c1)Oc3ccc(cc3O2)Cl,True,False,-3.1,-4.054,-3.24536,-5.5931,-3.96696,-3.553,-5.35
mobley_5390332,methyl butanoate,cho741,CCCC(=O)OC,True,True,-2.83,-3.552,-3.96124,-3.39293,-4.35566,-4.479,-5.368
mobley_5393242,diazinon,chonsp02,CCOP(=S)(OCC)Oc1cc(nc(n1)C(C)C)C,True,False,-6.48,-10.753,-12.9153,-10.7023,-11.2655,-12.322,-12.66
mobley_5445548,cumene,ch211,CC(C)c1ccccc1,True,True,-0.3,-0.674,-1.35867,-0.523025,-0.882417,-0.1110000000000002,-1.856
mobley_5449201,n-pentane,ch005,CCCCC,True,True,2.3,2.673,2.03667,1.98138,1.50906,2.637,1.249
mobley_5456566,"1,2,3,4,5-pentachloro-6-(2,3,4,5,6-pentachlorophenyl)benzene",chcl127,c1(c(c(c(c(c1Cl)Cl)Cl)Cl)Cl)c2c(c(c(c(c2Cl)Cl)Cl)Cl)Cl,False,False,-2.98,0.76,-1.83896,0.646113,2.28553,4.954,2.17
mobley_5467162,4-tert-butylphenol,cho376,CC(C)(C)c1ccc(cc1)O,True,True,-5.91,-5.543,-4.0599,-4.97685,-6.95982,-4.756,-6.227
mobley_5471704,isopentyl acetate,cho723,CC(C)CCOC(=O)C,False,True,-2.21,-3.067,-4.05435,-3.06409,-4.14534,-4.138,-4.938
mobley_547634,"2,3-dimethylnaphthalene",ch305,Cc1cc2ccccc2cc1C,True,True,-2.78,-2.953,-2.45314,-2.53649,-2.57393,-1.911,-3.603
mobley_5494918,"1,1,2,3,3,3-hexafluoroprop-1-ene",chf030,C(=C(F)F)(C(F)(F)F)F,True,False,2.93,2.305,3.26624,2.93803,-0.568504,0.0169999999999999,-3.103
mobley_5499659,1-methylimidazole,chn171,Cn1ccnc1,True,True,-8.41,-6.282,-7.40458,-7.36834,-7.23743,-8.054,-8.355
mobley_550662,"1,1,1-trimethoxyethane",cho044,CC(OC)(OC)OC,True,True,-4.42,-3.7,-4.41983,-5.45924,-5.22438,-4.341,-4.417
mobley_5510474,"1,2,3,4-tetrachlorodibenzo-p-dioxin",chocl048,c1ccc2c(c1)Oc3c(c(c(c(c3Cl)Cl)Cl)Cl)O2,True,False,-3.81,-2.775,-2.61967,-3.16477,-1.36151,-0.1439999999999992,-2.192
mobley_5518547,4-methylaniline,chn112,Cc1ccc(cc1)N,True,True,-5.57,-5.494,-7.02499,-5.08095,-4.44717,-4.956,-7.390000000000001
mobley_5520946,benzenethiol,chs060,c1ccc(cc1)S,True,False,-2.55,-1.501,-2.84112,-1.75492,-3.28945,-2.4730000000000003,-3.727
mobley_5538249,"1,3,5-trichloro-2-phenyl-benzene",chcl123,c1ccc(cc1)c2c(cc(cc2Cl)Cl)Cl,True,False,-2.16,-1.151,-2.12882,-2.3234,-1.45612,-0.6160000000000005,-3.022
mobley_5561855,"1,3,5-trichloro-2-(2,6-dichlorophenyl)benzene",chcl124,c1cc(c(c(c1)Cl)c2c(cc(cc2Cl)Cl)Cl)Cl,True,False,-1.96,-0.477,-2.31379,-2.87056,-1.41942,-0.399,-2.5409999999999995
mobley_5571660,"2,6-dimethylaniline",chn113,Cc1cccc(c1N)C,True,True,-5.21,-5.57,-6.35824,-5.00541,-4.27309,-4.534,-6.796
mobley_5600967,"4-methoxy-N,N-dimethyl-benzamide",chon821,CN(C)C(=O)c1ccc(cc1)OC,False,True,-11.01,-9.625,-9.86814,-9.22382,-10.2653,-11.153,-11.794
mobley_5616693,"(2S,5R)-2-isopropyl-5-methylcyclohexanone",cho542,C[C@@H]1CC[C@H](C(=O)C1)C(C)C,True,True,-2.53,-3.523,-3.17761,-1.84565,-3.09273,-2.486,-3.886
mobley_5627459,2-methylpropanal,cho611,CC(C)C=O,True,True,-2.86,-2.968,-3.84861,-2.85653,-4.4011,-4.654,-5.672000000000001
mobley_5631798,ammonia,nh00,N,True,True,-4.29,-4.018,-2.26822,-5.34968,-4.41224,-6.102,-8.401
mobley_5665561,"1,3-dimethylnaphthalene",ch306,Cc1cc(c2ccccc2c1)C,True,True,-2.47,-2.995,-2.45249,-2.49026,-2.52906,-1.846,-3.5390000000000006
mobley_5690766,"hexa-1,5-diene",ch142,C=CCCC=C,True,True,1.01,2.487,0.582552,1.24393,0.636638,1.297,-0.4690000000000001
mobley_5692472,N-methylmethanamine,chn030,CNC,True,True,-4.29,-2.991,-4.21546,-3.15466,-2.52441,-2.982,-3.884
mobley_5708811,dicamba,chocl070,COc1c(ccc(c1C(=O)O)Cl)Cl,True,False,-9.86,-8.658,-7.32265,-9.63719,-12.8683,-10.151,-11.039
mobley_5732611,4-methyl-1H-imidazole,chn172,Cc1c[nH]cn1,True,True,-10.27,-8.205,-8.31906,-9.3376,-8.7672,-9.658,-10.257
mobley_5747188,1-methyl-2-nitro-benzene,chon121,Cc1ccccc1[N+](=O)[O-],True,True,-3.58,-3.133,-3.14437,-4.33727,-3.32389,-3.339,-4.087
mobley_5747981,"1,1,1,2-tetramethoxyethane",cho045,COCC(OC)(OC)OC,False,True,-5.73,-5.436,-6.6826,-8.18555,-7.82748,-6.954000000000001,-7.045
mobley_5759258,pentan-1-ol,cho105,CCCCCO,True,True,-4.57,-3.054,-2.95796,-3.01855,-4.99051,-2.791,-4.022
mobley_5760563,dimethyl sulfate,chos030,COS(=O)(=O)OC,True,False,-5.1,-8.411,-1.46934,-7.4398,-7.91233,-10.914,-16.317
mobley_5816127,2-methoxyethanol,cho401,COCCO,False,True,-6.619999999999999,-4.686,-6.97516,-7.53624,-9.46464,-7.798999999999999,-8.323
mobley_5852491,methylcyclopentane,ch081,CC1CCCC1,True,True,1.59,1.785,1.71301,1.78368,1.47667,2.572,1.233
mobley_5857,quinoline,chn190,c1ccc2c(c1)cccn2,False,True,-5.72,-4.989,-5.37233,-6.34872,-5.66288,-5.577,-7.087000000000001
mobley_5880265,2-butoxyethanol,cho404,CCCCOCCO,True,True,-6.25,-3.85,-6.45394,-7.03698,-8.78961,-6.7780000000000005,-7.503
mobley_588781,hexylbenzene,ch206,CCCCCCc1ccccc1,True,True,-0.04,-0.1,-0.916423,0.145959,-0.242811,0.81,-1.379
mobley_5890803,propyl propanoate,cho733,CCCOC(=O)CC,True,True,-2.44,-2.453,-3.38294,-2.57108,-3.3485,-3.0940000000000003,-4.085000000000001
mobley_590519,ethyldisulfanylethane,chs002,CCSSCC,True,False,-1.64,-0.979,-2.95833,-0.752234,-2.37476,-2.0940000000000003,-2.961
mobley_5917842,4-methyl-2-methoxyphenol,cho413,Cc1ccc(c(c1)OC)O,True,True,-5.8,-4.547,-4.52901,-5.89725,-7.25083,-5.224,-6.52
mobley_5935995,"2,2-dimethylbutane",ch041,CCC(C)(C)C,True,True,2.51,2.495,2.08246,2.04738,1.55738,2.723,1.311
mobley_5948990,2-nitroaniline,chon141,c1ccc(c(c1)N)[N+](=O)[O-],True,True,-7.37,-7.66,-9.31744,-8.65508,-6.46147,-7.679,-9.009
mobley_5952846,"1,1,2,2-tetrachloroethylene",chcl075,C(=C(Cl)Cl)(Cl)Cl,True,False,0.1,1.328,-0.0258683,1.03342,1.17203,2.512,1.104
mobley_5973402,3-methylbutan-1-ol,cho120,CC(C)CCO,True,True,-4.42,-3.237,-3.03197,-3.09007,-5.04426,-2.877,-4.03
mobley_5977084,3-methylpyridine,chn142,Cc1cccnc1,True,True,-4.77,-3.221,-4.75852,-4.72064,-4.58944,-4.424,-5.621
mobley_6006813,1-nitrobutane,chon104,CCCC[N+](=O)[O-],True,True,-3.09,-1.449,-2.05568,-2.46107,-1.80133,-1.41,-2.053
mobley_6055410,diflunisal,chof050,c1cc(c(cc1c2ccc(cc2F)F)C(=O)O)O,True,False,-9.4,-6.613,-10.4331,-13.4876,-20.6653,-16.104,-17.086000000000002
mobley_6060301,hexan-1-amine,chn015,CCCCCCN,False,True,-3.95,-2.772,-2.01089,-0.380633,-0.0524986,0.2510000000000003,-2.552
mobley_6081058,oct-2-enal,cho622,CCCCC/C=C/C=O,True,True,-3.43,-2.706,-4.08178,-2.97766,-4.66305,-4.801,-6.203999999999999
mobley_6082662,4-nitroaniline,chon143,c1cc(ccc1N)N(=O)=O,True,True,-9.82,-9.416,-11.168,-9.72809,-7.36811,-9.199,-10.174
mobley_6091882,ethylene,ch102,C=C,True,True,1.28,2.328,0.560075,0.821829,0.267271,0.8170000000000001,-0.247
mobley_6102880,diphenyl ether,cho070,c1ccc(cc1)Oc2ccccc2,True,True,-2.87,-2.81,-3.52784,-4.02958,-3.65185,-3.373,-5.365
mobley_6115639,trimethyl phosphate,chop001,COP(=O)(OC)OC,True,False,-8.7,-10.642,-8.41274,-11.8161,-11.2303,-14.578,-15.351
mobley_6175884,4-methylbenzaldehyde,cho642,Cc1ccc(cc1)C=O,True,True,-4.27,-5.014,-5.7769,-5.00532,-6.35534,-6.894,-8.328
mobley_6190089,"1,1,2,2-tetrachloroethane",chcl054,C(C(Cl)Cl)(Cl)Cl,True,False,-2.37,-0.534,-1.89237,-2.18176,-1.78798,-1.0229999999999997,-2.971
mobley_6195751,"2,6-dichlorosyringaldehyde",chocl061,COc1c(c(c(c(c1Cl)C=O)Cl)OC)O,True,False,-8.68,-9.846,-7.94373,-9.88973,-11.7117,-10.445,-12.3
mobley_6198745,"2,3-diacetoxypropyl acetate",cho783,CC(=O)OCC(COC(=O)C)OC(=O)C,True,True,-8.84,-12.333,-14.6721,-12.6393,-14.6284,-17.582,-16.936
mobley_6201330,propyl paraben,cho833,CCCOC(=O)c1ccc(cc1)O,True,True,-9.37,-8.945,-7.27326,-8.57705,-10.9582,-9.172999999999998,-10.51
mobley_6232400,pyridine-3-carbaldehyde,chon301,c1cc(cnc1)C=O,True,True,-7.1,-7.425,-9.07725,-8.3462,-9.43304,-10.541,-12.053
mobley_6235784,2-chlorobutane,chcl021,CC[C@H](C)Cl,True,False,0.0,0.927,-0.309177,-0.0453705,-0.425669,0.3170000000000001,-0.683
mobley_6239320,cyanuric acid,chon830,c1(=O)[nH]c(=O)[nH]c(=O)[nH]1,True,True,-18.06,-21.762,-20.3393,-17.6828,-20.9376,-25.772,-25.222
mobley_6248915,octan-1-amine,chn017,CCCCCCCCN,False,True,-3.65,-2.589,-1.73271,-0.00730733,0.32871,0.7829999999999999,-2.282
mobley_6250025,1-iodohexane,chi006,CCCCCCI,True,False,0.08,0.043,-0.495998,1.14509,-2.14271,-0.1469999999999998,-1.411
mobley_6257907,3-chloroaniline,chncl003,c1cc(cc(c1)Cl)N,True,False,-5.82,-5.138,-7.4338,-5.54474,-4.44427,-5.164999999999999,-7.257
mobley_6266306,azetidine,chn040,C1CNC1,True,True,-5.56,-3.861,-4.82283,-5.73852,-3.62564,-4.172000000000001,-4.647
mobley_627267,1-bromo-2-methyl-propane,chbr021,CC(C)CBr,True,False,-0.03,0.756,-0.373348,0.523229,-0.486426,0.752,-0.2749999999999999
mobley_628086,"1,1,1-trifluoropropan-2-ol",chof004,C[C@@H](C(F)(F)F)O,True,False,-4.16,-3.518,-3.36503,-4.17257,-8.58654,-6.69,-7.478999999999999
mobley_628951,"1,3-dichloro-2-(2,6-dichlorophenyl)benzene",chcl128,c1cc(c(c(c1)Cl)c2c(cccc2Cl)Cl)Cl,True,False,-2.28,-1.226,-2.94683,-3.74514,-2.47743,-1.7270000000000003,-3.692
mobley_6303022,4-ethylpyridine,chn152,CCc1ccncc1,True,True,-4.73,-3.19,-4.39326,-4.54803,-4.41619,-4.171,-5.551
mobley_6309289,piperidine,chn060,C1CCNCC1,True,True,-5.11,-3.873,-3.51283,-2.89253,-1.79779,-1.7490000000000006,-2.382
mobley_632905,1-(4-methoxyphenyl)ethanone,cho572,CC(=O)c1ccc(cc1)OC,True,True,-4.4,-6.575,-7.48135,-7.34625,-8.14889,-8.787,-9.742
mobley_6334915,"(1R)-2,2,2-trichloro-1-dimethoxyphosphoryl-ethanol",chopcl04,COP(=O)([C@H](C(Cl)(Cl)Cl)O)OC,True,False,-12.74,-13.424,-7.95879,-11.992,-13.2602,-13.709,-15.464
mobley_6338073,terbutryn,chns003,CCNc1nc(nc(n1)SC)NC(C)(C)C,True,False,-6.68,-9.271,-11.6166,-8.93484,-6.99295,-7.673999999999999,-7.584
mobley_6353617,1-(3-pyridyl)ethanone,chon311,CC(=O)c1cccnc1,True,True,-8.26,-7.844,-9.67242,-8.45328,-9.31718,-10.06,-11.283
mobley_6358463,"1,2-bis(trifluoromethyl)benzene",chf042,c1ccc(c(c1)C(F)(F)F)C(F)(F)F,True,False,1.07,-1.441,-0.747642,-1.91092,-4.18765,-4.835,-6.631
mobley_6359135,carbon tetrachloride,chcl034,C(Cl)(Cl)(Cl)Cl,False,False,0.08,1.185,-0.0175543,0.944102,0.889087,2.18,0.06
mobley_6359156,"1,4-dichloro-2-phenyl-benzene",chcl122,c1ccc(cc1)c2cc(ccc2Cl)Cl,True,False,-2.46,-1.903,-2.38553,-2.6889,-2.05887,-1.585,-3.695
mobley_63712,1-methylpiperidine,chn001,CN1CCCCC1,True,True,-3.88,-3.467,-2.276,-1.96277,-1.37861,-0.8540000000000001,0.046
mobley_637522,anthracene,ch310,c1ccc2cc3ccccc3cc2c1,True,True,-3.95,-5.187,-4.00062,-4.55744,-4.28396,-3.889,-5.886
mobley_6416775,propylcyclopentane,ch083,CCCC1CCCC1,True,True,2.13,2.102,2.08376,2.20358,1.87808,3.112,1.593
mobley_6430250,propylbenzene,ch203,CCCc1ccccc1,True,True,-0.53,-0.511,-1.44733,-0.48298,-0.837893,-0.0539999999999998,-1.884
mobley_6456034,isobutyl 2-methylpropanoate,cho738,CC(C)COC(=O)C(C)C,True,True,-1.69,-2.58,-3.224,-2.21412,-3.1319,-2.68,-3.98
mobley_646007,pyrrolidine,chn050,C1CCNC1,True,True,-5.48,-4.278,-4.06498,-3.4979,-2.50591,-2.715,-2.976
mobley_6474572,chloroethylene,chcl070,C=CCl,True,False,-0.59,1.162,-0.4542,-0.467877,-0.695877,-0.3889999999999998,-1.2310000000000003
mobley_6497672,but-2-enal,cho620,C/C=C/C=O,True,True,-4.22,-3.341,-4.8462,-3.93168,-5.57162,-6.26,-7.039
mobley_6522117,"2-chloro-1-(2,4-dichlorophenyl)ethenyl diethyl phosphate",chopcl03,CCOP(=O)(OCC)O/C(=C/Cl)/c1ccc(cc1Cl)Cl,True,False,-7.07,-9.029,-8.34572,-10.6511,-8.8925,-9.804,-12.452
mobley_6571751,1-methylcyclohexene,ch172,CC1=CCCCC1,True,True,0.67,1.338,0.918688,1.21238,0.958615,1.997,0.5519999999999999
mobley_6619554,ethyl pentanoate,cho752,CCCCC(=O)OCC,True,True,-2.49,-3.11,-3.59584,-2.75453,-3.67409,-3.4330000000000003,-4.543
mobley_6620221,carbofuran,chon853,CC1(Cc2cccc(c2O1)OC(=O)NC)C,True,True,-9.61,-11.126,-9.77777,-10.4759,-10.376,-10.659,-12.03
mobley_6632459,propanal,cho603,CCC=O,True,True,-3.43,-3.148,-4.03153,-3.24306,-4.80352,-5.252000000000001,-6.194
mobley_664966,diiodomethane,chi030,C(I)I,True,False,-2.49,-1.882,-2.02475,-0.0667414,-4.11194,-2.699,-3.938
mobley_667278,"1,2,3,4-tetrachloro-5-(2,3,4-trichlorophenyl)benzene",chcl129,c1cc(c(c(c1c2cc(c(c(c2Cl)Cl)Cl)Cl)Cl)Cl)Cl,True,False,-4.4,-0.805,-2.67083,-2.03529,-0.236348,1.4,-0.923
mobley_6688723,"3,5-dichloro-2,6-dimethoxyphenol",chocl036,COc1c(cc(c(c1O)OC)Cl)Cl,True,False,-6.44,-5.98,-5.33646,-7.64047,-8.32637,-6.093,-7.752
mobley_6714389,methanamine,chn010,CN,True,True,-4.55,-3.583,-3.66075,-2.02662,-1.68511,-1.727,-4.327999999999999
mobley_6727159,2-(nitrooxy)ethan-1-ol,chon221,C(CO[N+](=O)[O-])O,True,True,-8.18,-6.676,-7.54544,-9.17524,-10.0397,-8.548,-8.745
mobley_6733657,chlordane,chcl081,C1[C@H]([C@@H]2[C@H]([C@H]1Cl)[C@]3(C(=C([C@@]2(C3(Cl)Cl)Cl)Cl)Cl)Cl)Cl,False,False,-3.44,-3.23,-4.42161,-3.01885,-1.65585,0.1219999999999998,-2.165
mobley_6739648,"1,4-dioxane",cho052,C1COCCO1,False,True,-5.06,-4.269,-3.8638,-4.27852,-3.99979,-4.201,-3.691
mobley_6743808,"3,4-dimethylphenol",cho365,Cc1ccc(cc1C)O,True,True,-6.5,-5.471,-4.32605,-5.20607,-7.10218,-4.948,-6.285
mobley_676247,tetrafluoromethane,chf002,C(F)(F)(F)F,True,False,3.12,2.489,2.81522,2.64568,-0.0384113,0.5920000000000001,-3.3639999999999994
mobley_6794076,1-(4-pyridyl)ethanone,chon312,CC(=O)c1ccncc1,True,True,-7.62,-7.566,-9.78961,-8.7282,-9.4543,-10.257,-11.429
mobley_6804509,"1,2,4,5-tetrachlorobenzene",chcl110,c1c(c(cc(c1Cl)Cl)Cl)Cl,True,False,-1.34,0.035,-0.945363,-0.815437,0.0241695,1.104,-0.5480000000000003
mobley_6812653,hexane,ch006,CCCCCC,True,True,2.48,2.851,2.20942,2.18986,1.7104,2.9330000000000003,1.411
mobley_6843802,"1,2,2-trifluoroethoxybenzene",chof020,c1ccc(cc1)O[C@@H](C(F)F)F,True,False,-1.29,-3.043,-3.13015,-3.30647,-5.97854,-6.5280000000000005,-8.149000000000001
mobley_6854178,isopropyl formate,cho703,CC(C)OC=O,True,True,-2.02,-3.591,-4.02851,-3.71982,-4.93234,-5.589,-6.472
mobley_6861308,fenuron,chon841,CN(C)C(=O)Nc1ccccc1,True,True,-9.13,-11.81,-10.6909,-9.06243,-9.74499,-10.746,-11.928
mobley_6896128,3-methylheptane,ch026,CCCC[C@@H](C)CC,True,True,2.97,3.03,2.517,2.51909,2.03141,3.3760000000000003,1.6900000000000002
mobley_6911232,methoxyethane,cho002,CCOC,False,True,-2.1,-0.71,-1.12666,-1.29096,-1.52969,-1.0179999999999998,-1.728
mobley_6917738,2-methoxyethanamine,chon400,COCCN,True,True,-6.55,-5.027,-4.55638,-3.13285,-2.65073,-2.7910000000000004,-4.715
mobley_6929123,methyl 2-chloroacetate,chocl080,COC(=O)CCl,False,False,-4.0,-3.816,-5.07933,-5.01888,-5.70713,-6.248000000000001,-7.220999999999999
mobley_6935906,"(3R)-3,7-Dimethylocta-1,6-dien-3-yl acetate",cho784,CC(=CCC[C@](C)(C=C)OC(=O)C)C,True,True,-2.49,-2.964,-4.18431,-3.13728,-4.149,-3.560999999999999,-5.132
mobley_6973347,ethyl acetate,cho712,CCOC(=O)C,True,True,-2.94,-3.745,-4.96173,-3.94968,-5.06006,-5.478000000000001,-5.947
mobley_6978427,methyl cyclohexanecarboxylate,cho771,COC(=O)C1CCCCC1,True,True,-3.3,-4.376,-3.55544,-2.90341,-3.63044,-3.296,-4.486000000000001
mobley_6981465,isopropyl acetate,cho721,CC(C)OC(=O)C,True,True,-2.64,-3.371,-4.27277,-3.45626,-4.49689,-4.71,-5.2170000000000005
mobley_6988468,2-ethylpyridine,chn150,CCc1ccccn1,False,True,-4.33,-3.31,-3.98696,-4.63614,-4.24317,-3.636,-5.433
mobley_7009711,"3,5-dimethylphenol",cho366,Cc1cc(cc(c1)O)C,True,True,-6.27,-5.444,-4.33492,-5.40789,-7.41603,-5.231,-6.556000000000001
mobley_7010316,cyclohexanol,cho186,C1CCC(CC1)O,True,True,-5.46,-4.178,-3.29876,-3.13974,-4.57938,-2.775,-3.829
mobley_7015518,methoxymethane,cho001,COC,True,True,-1.91,-0.853,-1.59324,-1.73128,-2.02335,-1.775,-2.3310000000000004
mobley_7017274,phenanthrene,ch320,c1ccc2c(c1)ccc3c2cccc3,True,True,-3.88,-5.264,-4.09531,-4.69257,-4.37757,-3.955,-5.975
mobley_7039935,naphthalen-1-ol,cho381,c1ccc2c(c1)cccc2O,True,True,-7.67,-7.137,-5.78865,-7.10313,-8.81673,-6.529,-8.375
mobley_7047032,2-chloro-2-methyl-propane,chcl030,CC(C)(C)Cl,True,False,1.09,0.826,-0.324473,-0.213058,-0.643195,0.104,-0.8719999999999999
mobley_7066554,4-chlorophenol,chocl034,c1cc(ccc1O)Cl,True,False,-7.03,-5.373,-4.38936,-6.21981,-7.89814,-5.890000000000001,-7.147
mobley_7099614,3-chloroprop-1-ene,chcl060,C=CCCl,True,False,-0.57,0.944,-1.17006,-0.680189,-0.997857,-0.6890000000000001,-1.577
mobley_7106722,isohexane,ch022,CCCC(C)C,True,True,2.51,2.808,2.17726,2.1352,1.65266,2.838,1.372
mobley_7142697,pentan-1-amine,chn014,CCCCCN,True,True,-4.09,-2.835,-2.17623,-0.561779,-0.218264,-0.0139999999999997,-2.675
mobley_7150646,"1,4-dibromobenzene",chbr041,c1cc(ccc1Br)Br,True,False,-2.3,-1.091,-2.04844,-1.08425,-1.50181,-0.5670000000000002,-2.049
mobley_7157427,1-chloroheptane,chcl007,CCCCCCCCl,True,False,0.29,1.467,0.36432,0.714926,0.314957,1.382,-0.0609999999999999
mobley_7176248,trifluralin,chonf27,CCCN(CCC)c1c(cc(cc1[N+](=O)[O-])C(F)(F)F)[N+](=O)[O-],True,False,-3.25,-2.023,-2.21483,-2.57626,-2.33635,-2.0380000000000003,-4.042
mobley_7176290,3-nitrophenol,chon152,c1cc(cc(c1)O)[N+](=O)[O-],True,True,-9.62,-7.889,-5.79739,-8.49376,-9.37959,-7.481999999999999,-8.347999999999999
mobley_718988,heptan-1-amine,chn016,CCCCCCCN,True,True,-3.79,-2.554,-1.67952,-0.0735249,0.193243,0.5760000000000001,-2.307
mobley_7200804,2-fluorophenol,chof032,c1ccc(c(c1)O)F,True,False,-5.29,-3.346,-2.76435,-3.36818,-6.50349,-4.508,-5.795999999999999
mobley_7203421,hexanamide,chon702,CCCCCC(=O)N,True,True,-9.31,-8.103,-8.27591,-7.01392,-8.05697,-9.206,-9.978
mobley_7227357,pentan-3-ol,cho143,CCC(CC)O,True,True,-4.35,-2.786,-2.15847,-1.80257,-3.12888,-1.854,-2.894
mobley_7239499,1-chlorodibenzo-p-dioxin,chocl040,c1ccc2c(c1)Oc3cccc(c3O2)Cl,True,False,-3.52,-4.473,-3.67465,-5.90534,-4.31899,-3.98,-5.697
mobley_7261305,hydrazine,nh01,NN,True,True,-9.3,-6.508,-12.0564,-9.52375,-7.6484,-10.45,-12.834
mobley_7295828,anisole,cho080,COc1ccccc1,True,True,-2.45,-2.318,-3.21892,-3.51015,-3.4645,-3.136,-4.486
mobley_7298388,1-methyl-3-nitro-benzene,chon122,Cc1cccc(c1)[N+](=O)[O-],True,True,-3.45,-3.278,-3.08463,-4.12391,-3.06884,-3.13,-3.885
mobley_7326706,chlorpyrifos,chonspcl01,CCOP(=S)(OCC)Oc1c(cc(c(n1)Cl)Cl)Cl,True,False,-5.04,-9.625,-9.57371,-9.24118,-10.4475,-11.559,-12.542
mobley_7326982,propan-2-ol,cho140,CC(C)O,True,True,-4.74,-3.427,-3.35131,-3.41075,-5.04657,-3.475,-4.362
mobley_7360181,"1,1,1-trifluoro-2,2,2-trimethoxyethane",chof061,COC(C(F)(F)F)(OC)OC,True,False,-0.8,-2.319,-2.39459,-2.7929,-3.97089,-4.132000000000001,-4.278
mobley_7364468,"3,5,5-trimethylcyclohex-2-en-1-one",cho561,CC1=CC(=O)CC(C1)(C)C,True,True,-5.18,-4.088,-4.69038,-3.41574,-4.88773,-4.994999999999999,-5.66
mobley_7375018,undecan-2-one,cho511,CCCCCCCCCC(=O)C,True,True,-2.15,-2.201,-3.30037,-1.624,-3.13704,-2.4560000000000004,-4.265000000000001
mobley_7378987,caffeine,chon832,Cn1cnc2c1c(=O)n(c(=O)n2C)C,True,True,-12.64,-17.621,-18.5631,-13.5082,-14.8973,-17.266,-18.377
mobley_7393673,methyl 4-methoxybenzoate,cho820,COc1ccc(cc1)C(=O)OC,False,True,-5.33,-6.462,-6.46522,-7.25259,-7.50223,-8.051,-9.067
mobley_7415647,"N,N-dimethyl-4-nitro-benzamide",chon161,CN(C)C(=O)c1ccc(cc1)[N+](=O)[O-],True,True,-11.95,-10.036,-9.75378,-9.88401,-9.72609,-10.673,-11.476
mobley_7417968,2-ethoxyethyl acetate,cho782,CCOCCOC(=O)C,True,True,-5.31,-5.751,-6.76849,-6.13159,-6.89543,-7.59,-7.745999999999999
mobley_7455579,isobutyl formate,cho704,CC(C)COC=O,True,True,-2.22,-3.458,-4.07404,-3.63069,-4.93698,-5.459000000000001,-6.554
mobley_7463408,"N-(3,4-dichlorophenyl)propanimidic acid",choncl23,CCC(=O)Nc1ccc(c(c1)Cl)Cl,True,False,-7.78,-9.409,-8.66158,-7.21377,-7.17748,-7.450999999999999,-9.035
mobley_7463799,3-phenylpropan-1-ol,cho173,c1ccc(cc1)CCCO,True,True,-6.92,-5.771,-6.21541,-5.50001,-7.33324,-5.382000000000001,-7.129
mobley_7497999,1-phenylethanone,cho570,CC(=O)c1ccccc1,True,True,-4.58,-5.078,-6.31198,-5.48386,-6.61137,-7.026,-8.237
mobley_7532833,acetonitrile,chn200,CC#N,True,True,-3.88,-2.789,-4.39567,-4.96907,-4.76349,-5.813000000000001,-5.819
mobley_7542832,1-propoxypropane,cho011,CCCOCCC,True,True,-1.16,-0.004,-0.279345,-0.352327,-0.527905,0.4769999999999998,-0.514
mobley_755351,3-methoxyaniline,chon502,COc1cccc(c1)N,True,True,-7.29,-7.201,-8.99576,-7.43895,-6.39551,-7.225,-9.225
mobley_7573149,propyl acetate,cho713,CCCOC(=O)C,True,True,-2.79,-3.486,-4.54446,-3.57014,-4.66463,-4.890000000000001,-5.5280000000000005
mobley_7578802,bromoform,chbr011,C(Br)(Br)Br,True,False,-2.13,-0.531,-1.87975,0.858485,-0.171257,1.132,-0.217
mobley_7599023,bromobenzene,chbr040,c1ccc(cc1)Br,True,False,-1.46,-0.947,-1.91223,-1.44299,-1.83434,-1.1789999999999998,-2.614
mobley_7608435,methyl octanoate,cho755,CCCCCCCC(=O)OC,True,True,-2.04,-3.035,-3.47906,-2.68716,-3.70622,-3.4239999999999995,-4.849
mobley_7608462,chlorobenzene,chcl101,c1ccc(cc1)Cl,False,False,-1.12,-0.475,-1.39829,-1.62985,-1.53981,-1.118,-2.533
mobley_7610437,2-methylpentan-3-ol,cho152,CC[C@H](C(C)C)O,True,True,-3.88,-2.416,-1.95797,-1.58444,-2.94032,-1.5909999999999995,-2.649
mobley_766666,"1,1,2-trichloroethylene",chcl074,C(=C(Cl)Cl)Cl,True,False,-0.44,0.818,-0.551439,-0.354441,-0.129376,0.6719999999999997,-0.5189999999999999
mobley_7676709,6-isopropyl-3-methyl-1-cyclohex-2-enone,cho562,CC1=CC(=O)[C@@H](CC1)C(C)C,False,True,-4.51,-3.825,-3.92883,-2.7438,-3.97855,-3.737,-4.867
mobley_7688753,3-hydroxybenzaldehyde,cho651,c1cc(cc(c1)O)C=O,True,True,-9.52,-9.369,-8.10161,-9.1346,-12.1839,-11.125,-12.579
mobley_7690440,methyldisulfanylmethane,chs001,CSSC,True,False,-1.83,-0.093,-2.14485,-0.245632,-1.62981,-1.299,-2.045
mobley_7708038,1-bromopropane,chbr003,CCCBr,True,False,-0.56,0.579,-0.58304,0.296887,-0.722433,0.4300000000000001,-0.4679999999999999
mobley_7732703,bromo-trifluoro-methane,chfbr001,C(F)(F)(F)Br,True,False,1.79,1.564,1.34498,2.43488,-0.292094,0.8799999999999999,-2.473
mobley_7735340,imidazole,chn170,c1cnc[nH]1,True,True,-9.63,-7.972,-8.36006,-9.06722,-8.64271,-9.864,-10.343
mobley_7754849,ethion,chosp01,CCOP(=S)(OCC)SCSP(=S)(OCC)OCC,True,False,-6.1,-10.644,-15.192,-13.8448,-16.1116,-20.065,-17.683
mobley_7758918,propionic acid,cho671,CCC(=O)O,False,True,-6.46,-9.088,-8.17329,-8.97296,-12.4708,-10.528,-10.974
mobley_7768165,1-bromo-2-chloro-ethane,chclbr001,C(CBr)Cl,True,False,-1.95,-0.8,-1.75506,-1.03163,-1.66918,-0.8340000000000001,-1.831
mobley_7769613,2-bromo-2-methyl-propane,chbr022,CC(C)(C)Br,True,False,0.84,0.438,-0.68042,0.0241654,-1.14642,0.2139999999999999,-0.7780000000000002
mobley_7774695,N-methylaniline,chn114,CNc1ccccc1,True,True,-4.69,-5.719,-7.20158,-4.97269,-4.80981,-5.134,-7.208
mobley_778352,2-methylbut-2-ene,ch123,CC=C(C)C,True,True,1.31,2.272,1.14842,1.24462,0.794949,1.7520000000000002,0.3619999999999999
mobley_7794077,5-trifluoromethyluracil,chonf23,c1c(c(=O)[nH]c(=O)[nH]1)C(F)(F)F,True,False,-15.46,-17.349,-16.8455,-14.4746,-18.1672,-22.52,-22.705
mobley_7814642,"1,2,4-trichlorobenzene",chcl106,c1cc(c(cc1Cl)Cl)Cl,True,False,-1.12,-0.117,-0.974442,-1.35859,-0.665783,0.08,-1.378
mobley_7829570,"N-butyl-N-ethyl-2,6-dinitro-4-(trifluoromethyl)aniline",chonf24,CCCC[N@](CC)c1c(cc(cc1[N+](=O)[O-])C(F)(F)F)[N+](=O)[O-],True,False,-3.51,-2.303,-2.34296,-2.69936,-2.43786,-2.1819999999999995,-4.127000000000001
mobley_7859387,heptanal,cho607,CCCCCCC=O,False,True,-2.67,-2.704,-3.28007,-2.37805,-3.97522,-3.965,-5.388
mobley_7860938,N-butylbutan-1-amine,chn034,CCCCNCCCC,True,True,-3.24,-2.076,-1.44497,-0.977508,-0.264547,-0.149,-0.8559999999999999
mobley_7869158,[(2S)-butan-2-yl] nitrate,chon204,CC[C@H](C)O[N+](=O)[O-],True,True,-1.82,-1.864,-1.84771,-2.36385,-1.3902,-0.8720000000000003,-1.487
mobley_7893124,tert-butylbenzene,ch214,CC(C)(C)c1ccccc1,True,True,-0.44,-0.803,-1.20035,-0.343057,-0.753051,0.1049999999999999,-1.677
mobley_7912193,butyl paraben,cho834,CCCCOC(=O)c1ccc(cc1)O,True,True,-8.72,-8.771,-7.10308,-8.37475,-10.76,-8.825,-10.304
mobley_7913234,1-butoxy-2-propanol,cho405,CCCCOC[C@H](C)O,True,True,-5.73,-3.891,-3.76571,-3.61077,-4.80031,-3.075,-3.965
mobley_7943327,ethyl propanoate,cho732,CCC(=O)OCC,True,True,-2.68,-3.221,-3.89899,-3.10745,-3.9866,-4.029999999999999,-4.872
mobley_7977115,hexan-3-ol,cho144,CCC[C@H](CC)O,True,True,-4.06,-2.585,-1.86029,-1.47232,-2.7731,-1.4689999999999994,-2.536
mobley_7983227,2-methylbutan-1-ol,cho131,CC[C@@H](C)CO,True,True,-4.42,-2.995,-2.47228,-2.61554,-4.50186,-1.982,-3.666
mobley_7988076,4-hydroxybenzaldehyde,cho652,c1cc(ccc1C=O)O,False,True,-8.83,-10.05,-9.19038,-10.1893,-13.2865,-12.404,-13.612
mobley_8006582,cyclopentane,ch075,C1CCCC1,False,True,1.2,1.648,1.52435,1.56806,1.28141,2.315,1.048
mobley_8011706,"N,N-dimethylformamide",chon721,CN(C)C=O,True,True,-7.81,-6.932,-8.04362,-5.49561,-7.41134,-8.517,-9.064
mobley_8048190,acetamide,chon700,CC(=O)N,True,True,-9.71,-8.82,-9.87065,-8.65282,-9.85646,-11.874,-11.643
mobley_8052240,"1-amino-9,10-anthracenedione",chon601,c1ccc2c(c1)C(=O)c3cccc(c3C2=O)N,True,True,-9.44,-12.214,-12.045,-10.8391,-10.7214,-12.036,-14.281000000000002
mobley_8057732,3-chlorophenol,chocl033,c1cc(cc(c1)Cl)O,True,False,-6.62,-5.018,-4.03934,-5.67392,-7.32951,-5.199,-6.527
mobley_8117218,endrin,chocl030,C1[C@@H]2[C@H]3[C@@H]([C@H]1[C@H]4[C@@H]2O4)[C@@]5(C(=C([C@]3(C5(Cl)Cl)Cl)Cl)Cl)Cl,True,False,-4.82,-5.179,-5.63784,-4.90811,-3.49674,-2.489,-3.841
mobley_8118832,prop-2-en-1-ol,cho300,C=CCO,True,True,-5.03,-3.286,-4.3071,-4.28499,-6.39825,-4.668,-5.6370000000000005
mobley_8124669,alachlor,choncl21,CCc1cccc(c1N(COC)C(=O)CCl)CC,True,False,-8.21,-6.851,-8.82732,-7.4364,-8.35254,-8.59,-9.942
mobley_8127829,ethylbenzene,ch202,CCc1ccccc1,True,True,-0.79,-0.606,-1.68927,-0.748282,-1.08436,-0.3700000000000001,-2.126
mobley_819018,"(2E)-3,7-dimethylocta-2,6-dien-1-ol",cho301,CC(=CCC/C(=C/CO)/C)C,True,True,-4.45,-2.518,-3.53723,-3.45986,-5.46827,-3.258,-4.785
mobley_8191186,"2-chloro-1,1,1-trifluoro-ethane",chfcl011,C(C(F)(F)F)Cl,True,False,0.06,0.233,0.084301,-0.29212,-2.39189,-2.27,-4.2
mobley_8207196,simazine,chncl042,CCNc1nc(nc(n1)Cl)NCC,True,False,-10.22,-10.914,-13.9368,-11.1577,-8.6186,-9.867,-11.28
mobley_820789,butyric acid,cho672,CCCC(=O)O,True,True,-6.35,-9.434,-8.61201,-9.60377,-13.3596,-11.171,-11.767
mobley_8208692,"1,2,3,4-tetrachloro-5-(2,3,4,6-tetrachlorophenyl)benzene",chcl130,c1c(c(c(c(c1Cl)Cl)Cl)Cl)c2c(cc(c(c2Cl)Cl)Cl)Cl,True,False,-4.61,-0.039,-2.46709,-1.18551,0.630003,2.646,0.0599999999999996
mobley_8221999,butanenitrile,chn202,CCCC#N,True,True,-3.64,-2.287,-3.76859,-4.1298,-3.9018,-4.371,-4.824
mobley_8260524,prop-1-yne,ch403,CC#C,True,True,-0.48,0.065,0.311569,-0.169451,-0.589342,-0.1129999999999999,-1.243
mobley_8311303,"1,2,4,5-tetrachloro-3-(3,4-dichlorophenyl)benzene",chcl131,c1cc(c(cc1c2c(c(cc(c2Cl)Cl)Cl)Cl)Cl)Cl,True,False,-4.38,-0.705,-2.33273,-2.21355,-0.540234,0.7850000000000001,-1.525
mobley_8311321,chloro-difluoro-methane,chfcl002,C(F)(F)Cl,True,False,-0.5,-0.067,-0.19585,-0.320098,-2.59961,-2.681,-4.5840000000000005
mobley_8320545,1-nitroethane,chon102,CC[N+](=O)[O-],True,True,-3.71,-1.839,-2.56312,-3.10408,-2.40672,-2.3560000000000003,-2.6659999999999995
mobley_8337722,"(1R,2S,5R)-2-isopropyl-5-methylcyclohexanol",cho191,C[C@@H]1CC[C@H]([C@@H](C1)O)C(C)C,True,True,-3.2,-3.35,-1.92963,-1.78186,-3.26487,-1.0370000000000004,-2.419
mobley_8337977,4-methylpentan-2-one,cho532,CC(C)CC(=O)C,True,True,-3.05,-3.116,-4.56195,-2.90429,-4.46023,-4.2860000000000005,-5.297
mobley_8426916,N-ethylethanamine,chn031,CCNCC,True,True,-4.07,-2.986,-2.39365,-1.86755,-1.14757,-1.463,-1.7979999999999998
mobley_8427539,propionamide,chon701,CCC(=O)N,True,True,-9.4,-8.31,-8.8135,-7.67168,-8.65161,-10.116,-10.547
mobley_8436428,"2,4-dimethylpentane",ch032,CC(C)CC(C)C,False,True,2.83,2.756,2.34814,2.31219,1.80411,3.038,1.507
mobley_8449031,"N,N-diethylethanamine",chn003,CCN(CC)CC,True,True,-3.22,-1.955,-1.08071,-1.14769,-0.285108,0.0729999999999999,1.43
mobley_8467917,hept-2-ene,ch121,CCCC/C=C/C,False,True,1.68,2.78,1.66399,1.91633,1.41904,2.467,0.8439999999999999
mobley_8492526,pentanal,cho605,CCCCC=O,True,True,-3.03,-2.927,-3.60936,-2.77449,-4.35552,-4.5,-5.742
mobley_8514745,pentyl acetate,cho715,CCCCCOC(=O)C,True,True,-2.51,-2.565,-3.68861,-2.80667,-3.76283,-3.721,-4.609999999999999
mobley_8522124,oct-1-yne,ch408,CCCCCCC#C,True,True,0.71,0.832,1.15489,0.97643,0.542258,1.6110000000000002,-0.2189999999999998
mobley_8525830,1-iodopentane,chi005,CCCCCI,False,False,-0.14,-0.111,-0.599923,0.953224,-2.30924,-0.4330000000000003,-1.55
mobley_852937,4-fluorophenol,chof034,c1cc(ccc1O)F,True,False,-6.19,-4.955,-4.00628,-5.30964,-8.08917,-6.295999999999999,-7.346999999999999
mobley_8558116,4-methylmorpholine,chon421,CN1CCOCC1,True,True,-6.32,-5.774,-4.91272,-4.56993,-3.76115,-3.916,-2.104
mobley_8573194,butanal,cho604,CCCC=O,True,True,-3.18,-3.044,-3.81647,-3.00616,-4.57978,-4.881,-5.963
mobley_8578590,methylsulfinylmethane,chos001,CS(=O)C,True,False,-9.28,-8.243,-8.95067,-8.40352,-8.89433,-10.457,-9.477
mobley_859464,isobutyl acetate,cho722,CC(C)COC(=O)C,True,True,-2.36,-2.896,-4.01866,-3.00997,-4.07948,-4.16,-4.971
mobley_8614858,heptane,ch007,CCCCCCC,True,True,2.67,2.925,2.39092,2.4032,1.91357,3.2350000000000003,1.577
mobley_8668219,"2,3-dimethylpentane",ch031,CC[C@@H](C)C(C)C,True,True,2.52,2.625,2.29599,2.2233,1.74388,2.964,1.47
mobley_8685905,"2-bromo-1,1,1,2-tetrafluoro-ethane",chfbr002,[C@@H](C(F)(F)F)(F)Br,True,False,0.5,0.234,0.51701,0.929192,-1.93173,-1.505,-4.351000000000001
mobley_8691603,m-cresol,cho353,Cc1cccc(c1)O,True,True,-5.49,-5.378,-4.65507,-5.4018,-7.34385,-5.299000000000001,-6.707
mobley_8705848,N-isopropylpropan-2-amine,chn033,CC(C)NC(C)C,True,True,-3.22,-1.985,-0.958393,-0.943819,-0.254872,-0.1829999999999998,-0.6400000000000001
mobley_8713762,"N,N-dipropyl(propylsulfanyl)formamide",chons11,CCCN(CCC)C(=O)SCCC,True,False,-4.13,-4.569,-4.97873,-2.01905,-3.64385,-3.1640000000000006,-4.18
mobley_8723116,4-chloroaniline,chncl004,c1cc(ccc1N)Cl,True,False,-5.9,-5.281,-7.58345,-5.68179,-4.59737,-5.383000000000001,-7.501
mobley_8739734,3-methylbutan-2-one,cho530,CC(C)C(=O)C,True,True,-3.24,-3.078,-4.25589,-2.85476,-4.31569,-4.212,-5.217
mobley_8746821,"2,3-dimethylpyridine",chn144,Cc1cccnc1C,True,True,-4.82,-3.367,-4.32957,-4.61909,-4.36258,-3.864,-5.253
mobley_8754702,propyl formate,cho702,CCCOC=O,True,True,-2.48,-3.699,-4.34055,-3.96949,-5.23175,-5.893000000000001,-6.886000000000001
mobley_8764620,pyridine-3-carbonitrile,chn206,c1cc(cnc1)C#N,True,True,-6.75,-5.582,-7.69663,-8.15684,-7.3297,-8.372,-9.353
mobley_8765203,isoprene,ch151,CC(=C)C=C,True,True,0.68,1.824,0.170611,0.566375,0.0276648,0.687,-0.746
mobley_8772587,1-iodobutane,chi004,CCCCI,True,False,-0.25,-0.223,-0.868863,0.738478,-2.52337,-0.7710000000000004,-1.73
mobley_8785107,"2,5-dimethyltetrahydrofuran",cho054,C[C@H]1CC[C@@H](O1)C,True,True,-2.92,-1.787,-1.32706,-1.35293,-1.34941,-0.4340000000000001,-1.1150000000000002
mobley_8789465,2-iodophenol,choi001,c1ccc(c(c1)O)I,False,False,-6.2,-3.221,-2.65097,-2.57752,-6.49731,-3.455,-5.234
mobley_8789864,"3,3,3-trimethoxypropanenitrile",chon001,COC(CC#N)(OC)OC,True,True,-6.4,-5.859,-8.35648,-9.93756,-8.95476,-9.481,-9.584
mobley_8798016,pyridine-4-carbaldehyde,chon302,c1cnccc1C=O,True,True,-7.0,-7.338,-8.95383,-8.54641,-9.42357,-10.452,-11.931
mobley_8809190,butylbenzene,ch204,CCCCc1ccccc1,True,True,-0.4,-0.227,-1.25146,-0.260548,-0.622909,0.2399999999999997,-1.6969999999999998
mobley_8809274,trifluoromethylbenzene,chf040,c1ccc(cc1)C(F)(F)F,True,False,-0.25,-0.57,-0.572365,-1.08327,-2.905,-2.854,-4.550000000000001
mobley_8823527,"1,2,3-trichloro-5-(2,5-dichlorophenyl)benzene",chcl132,c1cc(c(cc1Cl)c2cc(c(c(c2)Cl)Cl)Cl)Cl,False,False,-3.61,-0.922,-2.0877,-2.39799,-0.888106,0.1150000000000002,-2.006
mobley_8827942,"1,2,4-trichlorodibenzo-p-dioxin",chocl049,c1ccc2c(c1)Oc3c(cc(c(c3O2)Cl)Cl)Cl,True,False,-4.05,-3.16,-2.93663,-4.18358,-2.36062,-1.4330000000000007,-3.472
mobley_8861672,"2,4-dimethylpyridine",chn145,Cc1ccnc(c1)C,True,True,-4.86,-3.282,-4.14561,-4.60603,-4.36408,-3.884,-5.309
mobley_8882696,tetrahydrofuran,cho050,C1CCOC1,True,True,-3.47,-2.201,-2.12096,-2.12318,-2.20225,-1.7679999999999998,-2.05
mobley_8883511,2-methylbenzaldehyde,cho641,Cc1ccccc1C=O,True,True,-3.93,-4.554,-5.57405,-4.75764,-6.04812,-6.498,-7.853999999999999
mobley_8885088,cyclopentene,ch170,C1CC=CC1,False,True,0.56,1.23,0.25975,0.712602,0.402058,1.2300000000000002,-0.1140000000000001
mobley_8899867,cyclopentanol,cho185,C1CCC(C1)O,True,True,-5.49,-4.29,-3.4698,-3.32766,-4.83315,-2.901,-4.126
mobley_8916409,diethyl (2R)-2-dimethoxyphosphinothioylsulfanylbutanedioate,chosp02,CCOC(=O)C[C@H](C(=O)OCC)SP(=S)(OC)OC,True,False,-8.15,-11.194,-14.903,-13.9611,-15.9772,-18.219,-18.357
mobley_8966374,2-methylpyrazine,chn160,Cc1cnccn1,True,True,-5.51,-6.161,-7.74725,-7.57313,-7.50819,-8.086,-9.205
mobley_8983100,bromomethane,chbr001,CBr,True,False,-0.82,0.46,-0.815123,-0.134953,-1.1179,-0.3209999999999999,-0.924
mobley_900088,"2,3-dimethylbuta-1,3-diene",ch152,CC(=C)C(=C)C,True,True,0.4,1.862,0.460063,0.761466,0.241934,1.083,-0.5169999999999999
mobley_9007496,naphthalen-1-yl N-methylcarbamate,chon851,CNC(=O)Oc1cccc2c1cccc2,False,True,-9.45,-10.436,-9.71877,-10.068,-10.2489,-10.742,-12.177
mobley_9015240,1-bromooctane,chbr008,CCCCCCCCBr,True,False,0.52,1.352,0.327821,1.38253,0.327817,2.028,0.405
mobley_9028462,"methyl 2,2,2-trifluoroacetate",chof060,COC(=O)C(F)(F)F,True,False,-1.1,-1.353,-0.109082,-0.970342,-3.63747,-4.166,-6.658
mobley_902954,butyl nitrate,chon201,CCCCO[N+](=O)[O-],True,True,-2.09,-1.938,-1.98016,-2.62101,-1.59662,-1.112,-1.881
mobley_9029594,fluoromethane,chf011,CF,True,False,-0.22,0.881,-0.468095,0.526704,-1.41178,-1.471,-1.965
mobley_9055303,methane,ch001,C,True,True,2.0,2.446,1.47257,1.24229,0.753453,1.411,0.6759999999999999
mobley_9073553,methylsulfanylmethane,chs011,CSC,True,False,-1.61,0.44,-1.27172,0.0643906,-1.13818,-0.7969999999999997,-1.558
mobley_9100956,methylcyclohexane,ch082,CC1CCCCC1,True,True,1.7,1.679,1.8222,1.95342,1.64936,2.807,1.387
mobley_9112978,pent-2-ene,ch120,CC/C=C\C,True,True,1.31,2.374,1.06501,1.27629,0.830132,1.757,0.309
mobley_9114381,methyl 2-cyanoacetate,chon002,COC(=O)CC#N,True,True,-6.72,-6.36,-7.79861,-9.04241,-9.17712,-10.633,-11.432
mobley_9121449,but-1-yne,ch404,CCC#C,True,True,-0.16,0.284,0.45308,0.11171,-0.290711,0.347,-0.9520000000000002
mobley_9139060,"1,4-dimethylcyclohexane",ch084,CC1CCC(CC1)C,True,True,2.11,1.918,2.03695,2.18554,1.84764,3.051,1.586
mobley_9185328,propan-1-amine,chn012,CCCN,True,True,-4.39,-3.053,-2.59226,-1.02081,-0.669734,-0.6309999999999998,-3.121
mobley_9197172,oct-1-ene,ch108,CCCCCCC=C,True,True,1.92,2.895,1.73108,2.09568,1.55162,2.711,0.8809999999999999
mobley_9201263,methyl methanesulfonate,chos020,COS(=O)(=O)C,False,False,-4.87,-8.824,-2.76096,-9.58663,-9.60737,-12.156,-14.882
mobley_9209581,"N,N-dimethylmethanamine",chn002,CN(C)C,True,True,-3.2,-2.636,-3.12992,-2.45749,-2.25656,-2.139,-1.634
mobley_9246215,"penta-1,4-diene",ch141,C=CCC=C,True,True,0.93,2.357,0.305176,0.878448,0.283164,0.8949999999999998,-0.5950000000000002
mobley_9246351,dibromomethane,chbr012,C(Br)Br,True,False,-1.96,-0.405,-1.67275,-0.126857,-1.12028,-0.1390000000000002,-1.104
mobley_9257453,"3,4-dichlorophenol",chocl035,c1cc(c(cc1O)Cl)Cl,False,False,-7.29,-5.139,-3.96138,-5.75799,-7.25545,-4.8870000000000005,-6.138
mobley_9281946,diethoxy-(4-nitrophenoxy)-thioxo-$l^{5}-phosphane,chonsp03,CCOP(=S)(OCC)Oc1ccc(cc1)[N+](=O)[O-],True,False,-6.74,-9.211,-7.12798,-9.54779,-8.96515,-10.141000000000002,-10.879
mobley_929676,1-bromohexane,chbr006,CCCCCCBr,True,False,0.18,1.076,-0.0657122,0.910408,-0.141151,1.3630000000000002,0.0230000000000001
mobley_9407874,octan-2-one,cho508,CCCCCCC(=O)C,True,True,-2.88,-2.758,-3.90754,-2.32862,-3.82148,-3.438,-4.819
mobley_9414831,1-methylnaphthalene,ch301,Cc1cccc2c1cccc2,True,True,-2.44,-3.212,-2.6822,-2.85862,-2.86948,-2.2789999999999995,-4.051
mobley_9434451,2-bromopropane,chbr020,CC(C)Br,True,False,-0.48,0.448,-0.773557,-0.00815737,-1.10492,0.0710000000000001,-0.766
mobley_9460824,diethoxy-(ethylsulfanylmethylsulfanyl)-thioxo-$l^{5}-phosphane,chosp03,CCOP(=S)(OCC)SCSCC,True,False,-4.37,-6.427,-9.14217,-6.61081,-8.97126,-9.874,-9.447
mobley_9478823,o-xylene,ch222,Cc1ccccc1C,True,True,-0.9,-0.851,-1.66965,-0.927437,-1.22667,-0.4739999999999997,-2.054
mobley_9507933,"2,5-dimethylpyridine",chn146,Cc1ccc(nc1)C,True,True,-4.72,-3.165,-3.98213,-4.47248,-4.23212,-3.745,-5.0760000000000005
mobley_9510785,"1,2,3,4-tetrachloro-5-phenyl-benzene",chcl133,c1ccc(cc1)c2cc(c(c(c2Cl)Cl)Cl)Cl,True,False,-3.48,-1.31,-2.31047,-1.84572,-0.823225,0.2370000000000001,-2.0210000000000004
mobley_951560,piperazine,chn070,C1CNCCN1,True,True,-7.4,-8.481,-8.37368,-7.19666,-4.75408,-5.7490000000000006,-5.701
mobley_9534740,"(2R,3R,4S,5S,6R)-6-(hydroxymethyl)tetrahydropyran-2,3,4,5-tetrol",cho212,C([C@@H]1[C@H]([C@@H]([C@H]([C@@H](O1)O)O)O)O)O,True,True,-25.47,-18.095,-15.6033,-18.0083,-25.7379,-18.104,-17.106
mobley_9557440,5-chlorouracil,choncl17,c1c(c(=O)[nH]c(=O)[nH]1)Cl,True,False,-17.74,-16.612,-17.9397,-14.8265,-16.6514,-20.39,-19.853
mobley_9565165,9H-fluorene,ch273,c1ccc-2c(c1)Cc3c2cccc3,False,True,-3.35,-4.269,-3.57815,-3.82433,-3.7012,-3.181,-5.094
mobley_9571888,endosulfan alpha,choscl01,C1[C@@H]2[C@H](COS(=O)O1)[C@@]3(C(=C([C@]2(C3(Cl)Cl)Cl)Cl)Cl)Cl,True,False,-4.23,-9.785,-8.42358,-8.61806,-8.07396,-7.983,-9.332
mobley_9617923,decan-2-one,cho510,CCCCCCCCC(=O)C,True,True,-2.34,-2.573,-3.56638,-1.91201,-3.42345,-2.8360000000000003,-4.496
mobley_9624458,"1,3-dichloropropane",chcl042,C(CCl)CCl,True,False,-1.89,-0.416,-2.02439,-1.89843,-2.05342,-1.701,-2.566
mobley_9626434,2-ethoxyethanol,cho402,CCOCCO,True,True,-6.69,-4.407,-6.41819,-7.06972,-8.83997,-6.972,-7.575
mobley_9653690,"(1S,5R)-2-methyl-5-(1-methylethenyl)-2-cyclohexen-1-ol",cho311,CC1=CC[C@H](C[C@@H]1O)C(=C)C,False,True,-4.44,-3.257,-3.38122,-3.11516,-4.67341,-2.688,-4.196
mobley_967099,2-nitropropane,chon106,CC(C)[N+](=O)[O-],True,True,-3.13,-1.741,-2.34566,-2.83293,-2.21112,-1.95,-2.398
mobley_9671033,1-nitropropane,chon103,CCC[N+](=O)[O-],True,True,-3.34,-1.632,-2.25454,-2.72329,-2.04572,-1.8090000000000008,-2.29
mobley_9705941,2-methylthiophene,chs032,Cc1cccs1,True,False,-1.38,-0.3,-1.86949,-0.584482,-1.23932,-0.6240000000000001,-1.89
mobley_9717937,1-chloro-2-phenyl-benzene,chcl121,c1ccc(cc1)c2ccccc2Cl,True,False,-2.69,-2.508,-2.87984,-2.95728,-2.67779,-2.358,-4.454000000000001
mobley_9729792,"cyclohepta-1,3,5-triene",ch161,C1C=CC=CC=C1,True,True,-0.99,-0.098,-1.91618,-0.991159,-1.24393,-0.5859999999999999,-2.366
mobley_9733743,butan-1-amine,chn013,CCCCN,True,True,-4.24,-2.961,-2.37505,-0.793,-0.45525,-0.3490000000000002,-2.902
mobley_9740891,dichlobenil,chncl041,c1cc(c(c(c1)Cl)C#N)Cl,True,False,-4.71,-3.32,-4.37067,-5.0522,-3.82638,-4.04,-5.019
mobley_9741965,"1,3-bis-(nitrooxy)butane",chon214,C[C@@H](CCO[N+](=O)[O-])O[N+](=O)[O-],False,True,-4.29,-4.944,-4.30244,-5.72353,-3.18062,-2.909,-3.605
mobley_9794857,2-methoxy-2-methyl-propane,cho021,CC(C)(C)OC,True,True,-2.21,-0.691,-0.971671,-1.20827,-1.42351,-0.56,-1.286
mobley_9821936,"1,2,3,4,6,7,8,9-octachlorodibenzo-p-dioxin",chocl050,c12c(c(c(c(c1Cl)Cl)Cl)Cl)Oc3c(c(c(c(c3Cl)Cl)Cl)Cl)O2,True,False,-4.53,-1.147,-1.7173,-0.21089,1.72597,4.305999999999999,1.635
mobley_9838013,2-methylbutan-2-ol,cho161,CCC(C)(C)O,True,True,-4.43,-2.933,-2.57867,-2.47779,-3.79077,-2.224,-3.505
mobley_9883303,3-methylhexane,ch025,CCC[C@H](C)CC,True,True,2.71,2.81,2.34342,2.29173,1.80527,3.052,1.502
mobley_9897248,"(2Z)-3,7-dimethylocta-2,6-dien-1-ol",cho302,CC(=CCC/C(=C\CO)/C)C,True,True,-4.78,-2.597,-3.51864,-3.43729,-5.4788,-3.2300000000000004,-4.754
mobley_9913368,"(E)-1,2-dichloroethylene",chcl072,C(=C/Cl)\Cl,True,False,-0.78,1.024,-0.252349,-0.59588,-0.520564,-0.0900000000000003,-1.126
mobley_9942801,1-ethyl-4-methyl-benzene,ch241,CCc1ccc(cc1)C,True,True,-0.95,-0.575,-1.20131,-0.421314,-0.758853,0.0590000000000001,-1.6409999999999998
mobley_994483,bromoethane,chbr002,CCBr,True,False,-0.74,0.487,-0.821768,-0.0625732,-1.08909,-0.0949999999999997,-0.8179999999999998
mobley_9974966,2-isopropylsulfanylpropane,chs015,CC(C)SC(C)C,True,False,-1.21,0.14,-1.11181,0.499588,-0.765837,0.032,-1.358
mobley_9979854,111-trifluoropropan-2-ol,chof003,C[C@H](C(F)(F)F)O,True,False,-4.2,-3.486,-3.34553,-4.16738,-8.6211,-6.662000000000001,-7.446999999999999
